p_tabular,p_retina,retina_ok,p_skin,skin_ok,p_genomics,geno_ok,label
0.08145752175926152,,0,,0,,0,0
0.001814646010115425,,0,,0,,0,0
0.3333565046273405,,0,,0,,0,0
0.5599252979494306,,0,,0,,0,0
0.7642013357744171,,0,,0,,0,1
0.5276765598304849,,0,,0,,0,0
0.2332793516559295,,0,,0,,0,0
0.5703469357580733,,0,,0,,0,1
0.19081676008568793,,0,,0,,0,0
0.8597932139608566,,0,,0,,0,1
0.7987515761254085,,0,,0,,0,1
0.017421267303687232,,0,,0,,0,0
0.7004279761230838,,0,,0,,0,0
0.0031010737280696356,,0,,0,,0,0
0.8603695904870776,,0,,0,,0,1
0.3991380236010319,,0,,0,,0,0
0.606972139210831,,0,,0,,0,0
0.36665329812083075,,0,,0,,0,0
0.9008584881274428,,0,,0,,0,1
0.8213481706987956,,0,,0,,0,1
0.010251055722314526,,0,,0,,0,0
0.0572353433061924,,0,,0,,0,0
0.18499927108718195,,0,,0,,0,0
0.46659143669738484,,0,,0,,0,1
0.18869729512237762,,0,,0,,0,0
0.6366653488656107,,0,,0,,0,1
0.9584136865699826,,0,,0,,0,1
0.03442583407236361,,0,,0,,0,0
0.2614391637491858,,0,,0,,0,0
0.0006300407004713678,,0,,0,,0,0
0.003368156030186515,,0,,0,,0,0
0.063571081149716,,0,,0,,0,0
0.10820881241816076,,0,,0,,0,0
0.8512863789067258,,0,,0,,0,1
0.059005002679037556,,0,,0,,0,0
0.6583284698116364,,0,,0,,0,0
0.7855581658265108,,0,,0,,0,1
0.11065629946653624,,0,,0,,0,0
0.6813992240488794,,0,,0,,0,0
0.24010510230689164,,0,,0,,0,0
0.3071514714904155,,0,,0,,0,0
0.010242628407092055,,0,,0,,0,0
0.26157505953201293,,0,,0,,0,0
0.2655324353493757,,0,,0,,0,0
0.4939871988278329,,0,,0,,0,0
0.1152475592210078,,0,,0,,0,0
0.38667218585844326,,0,,0,,0,1
0.23465756595452114,,0,,0,,0,0
0.727703310665348,,0,,0,,0,1
0.20255557649613515,,0,,0,,0,0
0.12576130604832908,,0,,0,,0,0
0.7016672706475686,,0,,0,,0,1
0.7233372227678476,,0,,0,,0,0
0.8692588799044527,,0,,0,,0,1
0.16125173907585216,,0,,0,,0,0
0.7055324825020058,,0,,0,,0,1
0.08760103860304366,,0,,0,,0,0
0.03837615209559955,,0,,0,,0,0
0.4379698129355207,,0,,0,,0,1
0.016809118872517636,,0,,0,,0,0
0.09001698244643956,,0,,0,,0,0
0.3024643017766662,,0,,0,,0,0
0.2838866622599494,,0,,0,,0,0
0.01538265601978923,,0,,0,,0,0
0.1614863548612413,,0,,0,,0,0
0.25020149681044807,,0,,0,,0,0
0.1091711448628218,,0,,0,,0,0
0.2960224583994734,,0,,0,,0,0
0.010128813612271189,,0,,0,,0,0
0.5231661906956042,,0,,0,,0,0
0.5341505979695598,,0,,0,,0,0
0.43916459324532287,,0,,0,,0,1
0.6722033810909488,,0,,0,,0,1
0.027238071512058853,,0,,0,,0,0
0.07068379856157153,,0,,0,,0,0
0.4978376559384515,,0,,0,,0,0
0.6576523091043678,,0,,0,,0,1
0.5311001758813779,,0,,0,,0,1
0.8962112819981634,,0,,0,,0,1
0.7164343939316454,,0,,0,,0,1
0.02602734872627139,,0,,0,,0,0
0.21928354442939887,,0,,0,,0,0
0.08774188704315686,,0,,0,,0,0
0.47153328442742903,,0,,0,,0,0
0.8055420320419234,,0,,0,,0,1
0.3003013886183449,,0,,0,,0,0
0.8497838882475353,,0,,0,,0,1
0.19407642150485505,,0,,0,,0,0
0.8157329242937654,,0,,0,,0,1
0.9602849352685882,,0,,0,,0,1
0.32229099945239886,,0,,0,,0,0
0.07685663156023162,,0,,0,,0,0
0.9402043748475473,,0,,0,,0,1
0.007186477300805126,,0,,0,,0,0
0.63970149817571,,0,,0,,0,0
0.013782327053587664,,0,,0,,0,0
0.7899979323806311,,0,,0,,0,1
0.919937813667634,,0,,0,,0,1
0.3566454558468563,,0,,0,,0,0
0.24257249538098713,,0,,0,,0,0
0.6982381311946216,,0,,0,,0,1
0.02872109885166385,,0,,0,,0,0
0.15228101277462636,,0,,0,,0,0
0.6560090680664059,,0,,0,,0,0
0.2803051087561744,,0,,0,,0,0
0.036158068691010854,,0,,0,,0,0
0.00834103760142334,,0,,0,,0,0
0.049321294092359955,,0,,0,,0,0
0.47544543054769156,,0,,0,,0,0
0.006143642901380007,,0,,0,,0,0
0.7998440269049811,,0,,0,,0,1
0.0024894446661012336,,0,,0,,0,0
0.24901569609171484,,0,,0,,0,1
0.5442685221768501,,0,,0,,0,1
0.004254051295969354,,0,,0,,0,0
0.9457001875390016,,0,,0,,0,1
0.026035846381936574,,0,,0,,0,0
0.09680488865713602,,0,,0,,0,0
0.19734242273685915,,0,,0,,0,0
0.02302153438978024,,0,,0,,0,0
0.3740906530234941,,0,,0,,0,1
0.01234651409413011,,0,,0,,0,0
0.3902532521611874,,0,,0,,0,0
0.06180758142054704,,0,,0,,0,0
0.13709799988735324,,0,,0,,0,0
0.7130011952046831,,0,,0,,0,1
0.7553839238946192,,0,,0,,0,0
0.2285561180874605,,0,,0,,0,0
0.04379322516726726,,0,,0,,0,0
0.055615755772033246,,0,,0,,0,0
0.7931992838019071,,0,,0,,0,1
0.7800198084007979,,0,,0,,0,0
0.07191259284012344,,0,,0,,0,0
0.6083035589363195,,0,,0,,0,0
0.2934746006429828,,0,,0,,0,0
0.07744424096701444,,0,,0,,0,0
0.3170075671504017,,0,,0,,0,0
0.012507424890146012,,0,,0,,0,0
0.02688729015349211,,0,,0,,0,0
0.7830845668418454,,0,,0,,0,1
0.9187440684065393,,0,,0,,0,1
0.007219206097078754,,0,,0,,0,0
0.6581701211906499,,0,,0,,0,1
0.8301439409222999,,0,,0,,0,1
0.7304010402062476,,0,,0,,0,1
0.5530150276889783,,0,,0,,0,0
0.8629282392283638,,0,,0,,0,1
0.7131102772825242,,0,,0,,0,1
0.6707875102435794,,0,,0,,0,1
0.009307313472637682,,0,,0,,0,0
0.027854296826296133,,0,,0,,0,0
0.6797710667966834,,0,,0,,0,1
0.09116811113161606,,0,,0,,0,0
0.8594405843680472,,0,,0,,0,1
0.15708862423361056,,0,,0,,0,0
0.5025703066867162,,0,,0,,0,0
0.4832033967281236,,0,,0,,0,0
0.8774376981953633,,0,,0,,0,1
0.34083880918368215,,0,,0,,0,0
0.8689743140883339,,0,,0,,0,1
0.16849956193994703,,0,,0,,0,0
0.004557945987174582,,0,,0,,0,0
0.31682960339720284,,0,,0,,0,0
0.1430493030008136,,0,,0,,0,0
0.1407630510949938,,0,,0,,0,0
0.04572595219771826,,0,,0,,0,0
0.044317556597114095,,0,,0,,0,0
0.9665020783951082,,0,,0,,0,1
0.4798042639688892,,0,,0,,0,1
0.3545786143565554,,0,,0,,0,0
0.9327130059951431,,0,,0,,0,1
0.8696025138862998,,0,,0,,0,1
0.49761837472439463,,0,,0,,0,0
0.31938205479336396,,0,,0,,0,0
0.9308577619498403,,0,,0,,0,1
0.008284321454254024,,0,,0,,0,0
0.9002331353656061,,0,,0,,0,1
0.6018454889248275,,0,,0,,0,0
0.2985343261294306,,0,,0,,0,0
0.2724619779653045,,0,,0,,0,0
0.007054098220708657,,0,,0,,0,0
0.7322988611734186,,0,,0,,0,1
0.4130347972010794,,0,,0,,0,0
0.8539243865952153,,0,,0,,0,1
0.015344611132253886,,0,,0,,0,0
0.21743961929495387,,0,,0,,0,0
0.47758017493972904,,0,,0,,0,0
0.5732784986283995,,0,,0,,0,1
0.573678059712443,,0,,0,,0,0
0.006042499399362451,,0,,0,,0,0
0.5065919254086937,,0,,0,,0,0
0.029305024150542376,,0,,0,,0,0
0.46022862132603065,,0,,0,,0,0
0.18275970530836066,,0,,0,,0,0
0.053377458622236404,,0,,0,,0,0
0.6126686248251686,,0,,0,,0,1
0.7069659591823221,,0,,0,,0,0
0.7377008163396599,,0,,0,,0,1
0.16795555710660884,,0,,0,,0,0
0.004484704602102747,,0,,0,,0,0
0.0010397457646995282,,0,,0,,0,0
0.2845240986695047,,0,,0,,0,0
0.009560177174714244,,0,,0,,0,0
0.7708166625221917,,0,,0,,0,1
0.385985897767875,,0,,0,,0,0
0.13289052517725222,,0,,0,,0,0
0.37338154943532176,,0,,0,,0,1
0.7773725008882629,,0,,0,,0,1
0.18243247838851737,,0,,0,,0,0
0.7714382521451746,,0,,0,,0,1
0.5578061283318742,,0,,0,,0,1
0.006277378191930051,,0,,0,,0,0
0.0980435075505041,,0,,0,,0,0
0.6606327413883097,,0,,0,,0,1
0.01570959934817847,,0,,0,,0,0
0.18257051826104814,,0,,0,,0,0
0.003223360041003815,,0,,0,,0,0
0.012017363599751748,,0,,0,,0,0
0.018310257775039133,,0,,0,,0,0
0.7244695520567227,,0,,0,,0,1
0.0445770715273529,,0,,0,,0,0
0.4921899790556646,,0,,0,,0,0
0.1575810475092816,,0,,0,,0,0
0.5926799432853264,,0,,0,,0,1
0.140296007181894,,0,,0,,0,0
0.0009187438135445016,,0,,0,,0,0
0.001582840631090137,,0,,0,,0,0
0.870526601591101,,0,,0,,0,1
0.49762996570649715,,0,,0,,0,0
0.6171363156261682,,0,,0,,0,0
0.31515465749191185,,0,,0,,0,0
0.22431070311237283,,0,,0,,0,0
0.8863765591682302,,0,,0,,0,1
0.286068872857257,,0,,0,,0,0
0.003946489222931808,,0,,0,,0,0
0.27396710482199566,,0,,0,,0,0
0.24112614606414087,,0,,0,,0,0
0.3999903375751913,,0,,0,,0,0
0.7825648809588521,,0,,0,,0,1
0.005293040631327303,,0,,0,,0,0
0.7207674721936634,,0,,0,,0,1
0.21259691603266676,,0,,0,,0,0
0.6723399571996371,,0,,0,,0,1
0.5342543502773417,,0,,0,,0,0
0.07918421520151062,,0,,0,,0,0
0.02079043957027743,,0,,0,,0,0
0.5333202316791545,,0,,0,,0,0
0.014493383294000323,,0,,0,,0,0
0.459802737053678,,0,,0,,0,0
0.735543450983217,,0,,0,,0,1
0.007552314995387256,,0,,0,,0,0
0.582674535920465,,0,,0,,0,0
0.11632321373602819,,0,,0,,0,0
0.03387506907265675,,0,,0,,0,0
0.9382298909806988,,0,,0,,0,1
0.7605128102385664,,0,,0,,0,1
0.16388891809773767,,0,,0,,0,0
0.6782185072096105,,0,,0,,0,1
0.9041567734449693,,0,,0,,0,1
0.8068435990489584,,0,,0,,0,1
0.14906136154099967,,0,,0,,0,0
0.28524463237291103,,0,,0,,0,0
0.18807167001159839,,0,,0,,0,0
0.03324017403753928,,0,,0,,0,0
0.6481745649997244,,0,,0,,0,0
0.8318663358789546,,0,,0,,0,1
0.807977246905757,,0,,0,,0,1
0.8316378421726702,,0,,0,,0,1
0.8581984086950631,,0,,0,,0,1
0.31687376495249303,,0,,0,,0,0
0.2570300369121665,,0,,0,,0,0
0.12984258605638357,,0,,0,,0,0
0.9334131375946602,,0,,0,,0,1
0.04652799727783457,,0,,0,,0,0
0.5552669838890887,,0,,0,,0,0
0.008764143870847414,,0,,0,,0,0
0.9018979820814208,,0,,0,,0,1
0.0370273075833282,,0,,0,,0,0
0.6229499084318647,,0,,0,,0,0
0.03118110446427489,,0,,0,,0,0
0.03615616359828465,,0,,0,,0,0
0.5560013014537671,,0,,0,,0,0
0.45127377448909034,,0,,0,,0,0
0.3632155803475631,,0,,0,,0,0
0.20483428268461887,,0,,0,,0,0
0.09946240390803604,,0,,0,,0,0
0.3409045140340129,,0,,0,,0,0
0.7555732095360882,,0,,0,,0,1
0.13477935646477876,,0,,0,,0,0
0.1335150025265876,,0,,0,,0,0
0.6759655755139764,,0,,0,,0,1
0.9315248968873453,,0,,0,,0,1
0.013391208402203442,,0,,0,,0,0
0.34733675119545543,,0,,0,,0,0
0.07626169692801923,,0,,0,,0,0
0.807560751256489,,0,,0,,0,1
0.06214629063877343,,0,,0,,0,0
0.8679875736188102,,0,,0,,0,1
0.8745645526389882,,0,,0,,0,1
0.02379869650448949,,0,,0,,0,0
0.01062334368525928,,0,,0,,0,0
0.017129648228353406,,0,,0,,0,0
0.2065226301242086,,0,,0,,0,0
0.0115222428033468,,0,,0,,0,0
0.481167933578252,,0,,0,,0,1
0.08762041939087942,,0,,0,,0,0
0.04726529657086662,,0,,0,,0,0
0.15344178546951567,,0,,0,,0,0
0.05785203335301244,,0,,0,,0,0
0.04197910243510426,,0,,0,,0,0
0.37766698615532734,,0,,0,,0,0
0.00481745706585753,,0,,0,,0,0
0.008546643088600873,,0,,0,,0,0
0.4232175643222802,,0,,0,,0,1
0.16885810487752853,,0,,0,,0,0
0.7584976062549187,,0,,0,,0,1
0.1763412508343114,,0,,0,,0,0
0.6793420881341949,,0,,0,,0,1
0.13177232631936348,,0,,0,,0,0
0.004196145471963852,,0,,0,,0,0
0.018768085289755022,,0,,0,,0,0
0.22321742508463638,,0,,0,,0,0
0.36641703872788844,,0,,0,,0,1
0.7470840396233671,,0,,0,,0,1
0.12465849125955313,,0,,0,,0,0
0.0022063020935082557,,0,,0,,0,0
0.01713152975289251,,0,,0,,0,0
0.7390696832392359,,0,,0,,0,1
0.861623430420865,,0,,0,,0,1
0.7040317351061556,,0,,0,,0,1
0.5081419526251751,,0,,0,,0,0
0.0009705200139363704,,0,,0,,0,0
0.04938389012101806,,0,,0,,0,0
0.09979938515538167,,0,,0,,0,0
0.22925527483475022,,0,,0,,0,0
0.3505014422321764,,0,,0,,0,1
0.7844670804259293,,0,,0,,0,1
0.48729185898815325,,0,,0,,0,0
0.9599393003330338,,0,,0,,0,1
0.6590320402357325,,0,,0,,0,0
0.7762356967673723,,0,,0,,0,1
0.0036144838026238267,,0,,0,,0,0
0.05438739634804747,,0,,0,,0,0
0.8427600658479945,,0,,0,,0,1
0.10535759379184635,,0,,0,,0,0
0.14607064391866345,,0,,0,,0,0
0.7022224764414673,,0,,0,,0,1
0.09471460779653787,,0,,0,,0,0
0.4944316854445473,,0,,0,,0,0
0.3910138627229062,,0,,0,,0,0
0.2804609841729258,,0,,0,,0,0
0.9260347549126147,,0,,0,,0,1
0.2842356388200052,,0,,0,,0,0
0.5572041621059282,,0,,0,,0,1
0.7963169408775043,,0,,0,,0,1
0.16378354469315295,,0,,0,,0,0
0.9254269211198075,,0,,0,,0,1
0.45867871015787387,,0,,0,,0,0
0.9585965237152836,,0,,0,,0,1
0.007248836430780697,,0,,0,,0,0
0.9208929557558383,,0,,0,,0,1
0.5232283976883014,,0,,0,,0,1
0.012050250209930686,,0,,0,,0,0
0.39695772792016715,,0,,0,,0,0
0.2844182363797414,,0,,0,,0,0
0.07035151006604565,,0,,0,,0,0
0.6283629226969788,,0,,0,,0,0
0.7145847862015884,,0,,0,,0,0
0.48910993720544493,,0,,0,,0,0
0.4903416339672989,,0,,0,,0,1
0.0001597171556574184,,0,,0,,0,0
0.5385709714520626,,0,,0,,0,0
0.1442924575739165,,0,,0,,0,0
0.36422859765933097,,0,,0,,0,0
0.4993556609477734,,0,,0,,0,0
0.03505082952360643,,0,,0,,0,0
0.14690456852038514,,0,,0,,0,0
0.01895622576675882,,0,,0,,0,0
0.0036938287939629333,,0,,0,,0,0
0.027713494774143383,,0,,0,,0,0
0.028978896195692327,,0,,0,,0,0
0.6746674600805334,,0,,0,,0,1
0.0014748603683189087,,0,,0,,0,0
0.3433087971731275,,0,,0,,0,0
0.2340640586411789,,0,,0,,0,0
0.6662718744548098,,0,,0,,0,1
0.3577416272952497,,0,,0,,0,0
0.08642219670161688,,0,,0,,0,0
0.3421685290029549,,0,,0,,0,0
0.01700751550158983,,0,,0,,0,0
0.8900897881871958,,0,,0,,0,1
0.24052668853130946,,0,,0,,0,0
0.035358280603852155,,0,,0,,0,0
0.01153610647546546,,0,,0,,0,0
0.9652290958921634,,0,,0,,0,1
0.4160527981947356,,0,,0,,0,0
0.0973777291542833,,0,,0,,0,0
0.06209818535299522,,0,,0,,0,0
0.0657485220520779,,0,,0,,0,0
0.7469241197617378,,0,,0,,0,1
0.16977817842570608,,0,,0,,0,0
0.9045953989389778,,0,,0,,0,1
0.0068512134609584035,,0,,0,,0,0
0.8443322457871986,,0,,0,,0,1
0.8016349861491007,,0,,0,,0,1
0.054405573284314945,,0,,0,,0,0
0.2186637595014501,,0,,0,,0,0
0.9077756807568094,,0,,0,,0,1
0.36672735330759043,,0,,0,,0,0
0.6009519983081275,,0,,0,,0,1
0.14694235502037276,,0,,0,,0,0
0.05255381865221463,,0,,0,,0,0
0.12606005079559124,,0,,0,,0,0
0.07087394809628664,,0,,0,,0,0
0.5920859057086627,,0,,0,,0,0
0.09058538514357325,,0,,0,,0,0
0.49157139087875734,,0,,0,,0,0
0.054245358507819766,,0,,0,,0,0
0.3300514398268163,,0,,0,,0,0
0.03713838323981751,,0,,0,,0,0
0.26691200072995047,,0,,0,,0,0
0.35292450298101374,,0,,0,,0,1
0.10787792678571562,,0,,0,,0,0
0.021117328446201802,,0,,0,,0,0
0.10662115264810983,,0,,0,,0,0
0.5707535683761363,,0,,0,,0,0
0.03980329559261044,,0,,0,,0,0
0.26877204506708086,,0,,0,,0,0
0.2010423688393595,,0,,0,,0,0
0.18252565155362893,,0,,0,,0,0
0.6053828440888871,,0,,0,,0,1
0.024617449187163794,,0,,0,,0,0
0.7978127487186366,,0,,0,,0,1
0.06433478132671874,,0,,0,,0,0
0.2479701820933044,,0,,0,,0,0
0.43957983398716216,,0,,0,,0,0
0.0010371244661229982,,0,,0,,0,0
0.022506086212054646,,0,,0,,0,0
0.17213015473471133,,0,,0,,0,1
0.12017403548803392,,0,,0,,0,0
0.07769689237079717,,0,,0,,0,0
0.024363788823488896,,0,,0,,0,0
0.7303301183296276,,0,,0,,0,1
0.06496327691585518,,0,,0,,0,0
0.38661173186945036,,0,,0,,0,1
0.35089570655330804,,0,,0,,0,0
0.6880599374655872,,0,,0,,0,1
0.7967856341405188,,0,,0,,0,1
0.002024372065009121,,0,,0,,0,0
0.7189583441460767,,0,,0,,0,1
0.6054005925637718,,0,,0,,0,1
0.07045588874628987,,0,,0,,0,0
0.6740114473968322,,0,,0,,0,1
0.26962350533079565,,0,,0,,0,0
0.15068337390598527,,0,,0,,0,0
0.010073466948540024,,0,,0,,0,0
0.2858612211800496,,0,,0,,0,0
0.1592785137136549,,0,,0,,0,0
0.001047102763027058,,0,,0,,0,0
0.02216369393645475,,0,,0,,0,0
0.14393127931969293,,0,,0,,0,0
0.002464193828036862,,0,,0,,0,0
0.7070873149992644,,0,,0,,0,0
0.21777297673715781,,0,,0,,0,0
0.28687170976304854,,0,,0,,0,0
0.2092489159559606,,0,,0,,0,0
0.4334287059665566,,0,,0,,0,0
0.04665577784807713,,0,,0,,0,0
0.6436631504800043,,0,,0,,0,0
0.6996016168925008,,0,,0,,0,1
0.27398692228629223,,0,,0,,0,0
0.5168609012669074,,0,,0,,0,1
0.7818015307023327,,0,,0,,0,1
0.2787762450261241,,0,,0,,0,0
0.7803725432966077,,0,,0,,0,1
0.8279603790002372,,0,,0,,0,1
0.8568934643761998,,0,,0,,0,1
0.15296350179096493,,0,,0,,0,1
0.1946406331973361,,0,,0,,0,0
0.6383597108894514,,0,,0,,0,0
0.525178018386275,,0,,0,,0,1
0.42296795719784674,,0,,0,,0,0
0.44950105733763823,,0,,0,,0,0
0.794257122656781,,0,,0,,0,1
0.783641895392311,,0,,0,,0,1
0.8441619195529387,,0,,0,,0,1
0.9232102700177087,,0,,0,,0,1
0.6711378913579584,,0,,0,,0,1
0.4330723183707509,,0,,0,,0,0
0.7817510015965782,,0,,0,,0,1
0.03361579841002496,,0,,0,,0,0
0.21630629903487425,,0,,0,,0,0
0.79479921856985,,0,,0,,0,1
0.7733368191299254,,0,,0,,0,1
0.00046722425119631405,,0,,0,,0,0
0.42961412866972404,,0,,0,,0,0
0.6855109930916272,,0,,0,,0,0
0.3139366607596451,,0,,0,,0,1
0.3655988070746554,,0,,0,,0,0
0.6977302706219979,,0,,0,,0,1
0.09458664103226208,,0,,0,,0,0
0.15082959140541535,,0,,0,,0,0
0.013294013945659466,,0,,0,,0,0
0.8609540159649007,,0,,0,,0,1
0.23259203908930406,,0,,0,,0,0
0.23266195336908982,,0,,0,,0,0
0.3279484048068331,,0,,0,,0,1
0.048772633655497374,,0,,0,,0,0
0.8742745282863771,,0,,0,,0,1
0.7670942714017785,,0,,0,,0,0
0.6719700327795194,,0,,0,,0,1
0.0689824043232555,,0,,0,,0,0
0.14138618828227265,,0,,0,,0,0
0.8034641862478843,,0,,0,,0,0
0.29969907229484677,,0,,0,,0,0
0.9251233285732212,,0,,0,,0,1
0.40308750455387354,,0,,0,,0,0
0.022090865225660433,,0,,0,,0,0
0.19232310362593316,,0,,0,,0,0
0.16674675903228736,,0,,0,,0,0
0.6913696474599489,,0,,0,,0,0
0.31845785212854066,,0,,0,,0,0
0.05905031322942217,,0,,0,,0,0
0.2580959484175057,,0,,0,,0,0
0.24980435082178784,,0,,0,,0,0
0.05078108471841956,,0,,0,,0,0
0.5685679876287623,,0,,0,,0,1
0.9492025476179788,,0,,0,,0,1
0.0684255889222237,,0,,0,,0,0
0.8806027056038195,,0,,0,,0,1
0.7031954976459641,,0,,0,,0,1
0.06339904323537603,,0,,0,,0,0
0.7985557789320415,,0,,0,,0,0
0.8375194719235488,,0,,0,,0,1
0.017135795164080227,,0,,0,,0,0
0.48676778129740655,,0,,0,,0,1
0.28435394042648804,,0,,0,,0,0
0.8417073768133412,,0,,0,,0,1
0.007674444640782685,,0,,0,,0,0
0.34696804130445147,,0,,0,,0,0
0.7476344728965632,,0,,0,,0,1
0.6042197753330362,,0,,0,,0,0
0.02312533838275197,,0,,0,,0,0
0.7510192246373817,,0,,0,,0,1
0.22180503247385858,,0,,0,,0,0
0.036585106076013035,,0,,0,,0,0
0.20076159440293456,,0,,0,,0,0
0.7359779782206995,,0,,0,,0,1
0.7452163544532568,,0,,0,,0,1
0.019909158649463497,,0,,0,,0,0
0.47981681590528985,,0,,0,,0,0
0.8309821155193913,,0,,0,,0,1
0.050710934892994816,,0,,0,,0,0
0.7054436900951805,,0,,0,,0,0
0.023880056124715072,,0,,0,,0,0
0.8499814034689794,,0,,0,,0,1
0.004053827101231298,,0,,0,,0,0
0.2739781702617111,,0,,0,,0,0
0.23512589643886792,,0,,0,,0,0
0.1916385249204708,,0,,0,,0,0
0.7228190937763039,,0,,0,,0,1
0.9259553391184371,,0,,0,,0,1
0.7478177448637997,,0,,0,,0,1
0.07545346655672831,,0,,0,,0,0
0.07865064891561016,,0,,0,,0,0
0.2020689234562985,,0,,0,,0,0
0.007790737242797221,,0,,0,,0,0
0.3879912165632128,,0,,0,,0,0
0.0566206171836318,,0,,0,,0,0
0.9435349562889828,,0,,0,,0,1
0.08088496752851278,,0,,0,,0,0
0.021101310799193997,,0,,0,,0,0
0.7311467242834753,,0,,0,,0,1
0.09966020706290855,,0,,0,,0,0
0.5554325372864052,,0,,0,,0,1
0.7006273260026032,,0,,0,,0,0
0.14966819910750606,,0,,0,,0,0
0.6618551670360249,,0,,0,,0,0
0.017718765541124025,,0,,0,,0,0
0.022272306857803563,,0,,0,,0,0
0.10932869610723892,,0,,0,,0,0
0.04762456660924364,,0,,0,,0,0
0.7051052909904263,,0,,0,,0,1
0.5558655567226475,,0,,0,,0,1
0.0629980357725937,,0,,0,,0,0
0.3279541505151976,,0,,0,,0,0
0.40438443061525364,,0,,0,,0,1
0.34377874646090756,,0,,0,,0,0
0.2660303560434752,,0,,0,,0,0
0.04697895471241116,,0,,0,,0,0
0.5703688170084505,,0,,0,,0,1
0.9525985405990232,,0,,0,,0,1
0.8744806380162193,,0,,0,,0,1
0.8537527105620322,,0,,0,,0,0
0.00264403937058772,,0,,0,,0,0
0.5833600249512871,,0,,0,,0,0
0.8886455091565175,,0,,0,,0,1
0.01201756667585829,,0,,0,,0,0
0.17003148221351289,,0,,0,,0,0
0.5151383835718585,,0,,0,,0,0
0.6580253580467967,,0,,0,,0,0
0.22036499282486618,,0,,0,,0,0
0.3231346147730286,,0,,0,,0,0
0.3311207179835009,,0,,0,,0,0
0.7224111237323521,,0,,0,,0,0
0.4521744448426805,,0,,0,,0,0
0.5774646502779862,,0,,0,,0,0
0.019959749389942903,,0,,0,,0,0
0.832913274779215,,0,,0,,0,1
0.4586909442602902,,0,,0,,0,1
0.7972111433253513,,0,,0,,0,1
0.0388180184998029,,0,,0,,0,0
0.5515931664460815,,0,,0,,0,1
0.24045556745068547,,0,,0,,0,0
0.36553874016195775,,0,,0,,0,0
0.5638378791207225,,0,,0,,0,1
0.004137255136056067,,0,,0,,0,0
0.18215591506866305,,0,,0,,0,0
0.01104691215641784,,0,,0,,0,0
0.003112964410640801,,0,,0,,0,0
0.9039346404547917,,0,,0,,0,1
0.7529632947542155,,0,,0,,0,0
0.2843346954815946,,0,,0,,0,0
0.06211834043709654,,0,,0,,0,0
0.8323331930524658,,0,,0,,0,1
0.6441511798914631,,0,,0,,0,1
0.17166316326202624,,0,,0,,0,0
0.41166293367441104,,0,,0,,0,0
0.17083301534210227,,0,,0,,0,0
0.5382178295984906,,0,,0,,0,0
0.6702822497566474,,0,,0,,0,0
0.8328433612073054,,0,,0,,0,1
0.8210269748533399,,0,,0,,0,1
0.7957236760950386,,0,,0,,0,1
0.657346869974933,,0,,0,,0,1
0.6541503122779944,,0,,0,,0,0
0.9519742284233498,,0,,0,,0,1
0.32040975159253077,,0,,0,,0,0
0.8351193793045208,,0,,0,,0,1
0.025416090124538736,,0,,0,,0,0
0.25558657118030725,,0,,0,,0,0
0.4976499677566732,,0,,0,,0,0
0.023603755165359636,,0,,0,,0,0
0.6782928983365117,,0,,0,,0,1
0.004986298497189068,,0,,0,,0,0
0.340928808520608,,0,,0,,0,0
0.9502511319005281,,0,,0,,0,1
0.0313203264426871,,0,,0,,0,0
0.0011541882024340628,,0,,0,,0,0
0.25139083221841146,,0,,0,,0,0
0.121198424700884,,0,,0,,0,0
0.04795989875076333,,0,,0,,0,0
0.9374388156105598,,0,,0,,0,1
0.8715648648727434,,0,,0,,0,1
0.47527721197889666,,0,,0,,0,1
0.7880588575425265,,0,,0,,0,1
0.5021034895193803,,0,,0,,0,0
0.7767375798357113,,0,,0,,0,1
0.012821359706751545,,0,,0,,0,0
0.6744244478566269,,0,,0,,0,1
0.30218701172051915,,0,,0,,0,0
0.37393977873459344,,0,,0,,0,1
0.8191502674599539,,0,,0,,0,1
0.2193118006521635,,0,,0,,0,0
0.32574708123881424,,0,,0,,0,0
0.9412597612653532,,0,,0,,0,1
0.6635515935148013,,0,,0,,0,1
0.14093671807861038,,0,,0,,0,0
0.2213735593037905,,0,,0,,0,0
0.022337627283263863,,0,,0,,0,0
0.6647284772307012,,0,,0,,0,1
0.08627087420251855,,0,,0,,0,0
0.01644754983706503,,0,,0,,0,0
0.2803189604839839,,0,,0,,0,1
0.630848825021898,,0,,0,,0,0
0.6232904654495958,,0,,0,,0,1
0.7358358992272958,,0,,0,,0,0
0.028634729215792944,,0,,0,,0,0
0.6184184923763973,,0,,0,,0,1
0.06885829287634171,,0,,0,,0,0
0.5125637922164885,,0,,0,,0,1
0.5211932734619809,,0,,0,,0,1
0.8367180102909305,,0,,0,,0,1
0.01107795157232957,,0,,0,,0,0
0.7063620931476049,,0,,0,,0,0
0.8187315587117675,,0,,0,,0,1
0.23493011479707074,,0,,0,,0,0
0.014988652186151035,,0,,0,,0,0
0.3216950061089739,,0,,0,,0,0
0.016843119150868145,,0,,0,,0,0
0.8489227379495757,,0,,0,,0,1
0.7023888520131035,,0,,0,,0,1
0.2673709355805271,,0,,0,,0,0
0.02369939824889459,,0,,0,,0,0
0.6106165996405768,,0,,0,,0,1
0.8559702268030527,,0,,0,,0,1
0.7007469800169926,,0,,0,,0,1
0.8872593777931705,,0,,0,,0,1
0.6483577706499444,,0,,0,,0,0
0.048740013508217876,,0,,0,,0,0
0.024646892206342672,,0,,0,,0,0
0.7079145227357876,,0,,0,,0,0
0.06652369761275463,,0,,0,,0,0
0.12254833801567225,,0,,0,,0,1
0.03509956572739783,,0,,0,,0,0
0.7529741335549075,,0,,0,,0,1
0.7077448685223289,,0,,0,,0,0
0.043934628382478795,,0,,0,,0,0
0.5619733467675917,,0,,0,,0,0
0.6840713931435146,,0,,0,,0,1
0.3065335324799301,,0,,0,,0,0
0.4464838635158295,,0,,0,,0,0
0.1129424792116978,,0,,0,,0,0
0.33637150710649955,,0,,0,,0,0
0.7792962932653111,,0,,0,,0,1
0.005201189275044908,,0,,0,,0,0
0.5355850452973948,,0,,0,,0,1
0.12047231402743605,,0,,0,,0,0
0.6460772425182826,,0,,0,,0,0
0.007388292591375955,,0,,0,,0,0
0.03219293617124309,,0,,0,,0,0
0.043036702103176186,,0,,0,,0,0
0.6276383594489261,,0,,0,,0,1
0.1273385300100715,,0,,0,,0,0
0.02742535831597536,,0,,0,,0,0
0.02311715217144391,,0,,0,,0,0
0.3114876751441649,,0,,0,,0,0
0.5145457593309571,,0,,0,,0,0
0.3892164773222337,,0,,0,,0,1
0.017310265611222807,,0,,0,,0,0
0.7734278964145389,,0,,0,,0,1
0.011971805874087811,,0,,0,,0,0
0.042488835019794995,,0,,0,,0,0
0.4771238229282546,,0,,0,,0,1
0.0015848988061804604,,0,,0,,0,0
0.5527475269547311,,0,,0,,0,1
0.01528104284951583,,0,,0,,0,0
0.06765511520863497,,0,,0,,0,0
0.8182524532460285,,0,,0,,0,0
0.65061105511262,,0,,0,,0,1
0.300029435261659,,0,,0,,0,0
0.660922372553948,,0,,0,,0,0
0.31721031958499496,,0,,0,,0,0
0.04017117527720325,,0,,0,,0,0
0.8304879747512555,,0,,0,,0,1
0.6684431124510093,,0,,0,,0,0
0.7643397116684637,,0,,0,,0,0
0.8950022935946997,,0,,0,,0,1
0.27515107574594283,,0,,0,,0,0
0.20337055808697083,,0,,0,,0,0
0.6522680143268045,,0,,0,,0,1
0.15793390308336572,,0,,0,,0,0
0.017524967358481226,,0,,0,,0,0
0.7243177967987289,,0,,0,,0,0
0.47425204044814945,,0,,0,,0,0
0.6679375694557794,,0,,0,,0,1
0.15578019729209808,,0,,0,,0,0
0.007244634744638015,,0,,0,,0,0
0.7896950858343617,,0,,0,,0,1
0.06606109261760523,,0,,0,,0,0
0.0010075997484535687,,0,,0,,0,0
0.4611619438155679,,0,,0,,0,1
0.00774680044365029,,0,,0,,0,0
0.8535886414852977,,0,,0,,0,1
0.8466630098124762,,0,,0,,0,1
0.5612411002439995,,0,,0,,0,0
0.8864071417971449,,0,,0,,0,1
0.5384507170851264,,0,,0,,0,1
0.409321301126505,,0,,0,,0,1
0.8813343821735209,,0,,0,,0,1
0.07808962012543838,,0,,0,,0,0
0.02175620292839258,,0,,0,,0,0
0.9378421246251664,,0,,0,,0,1
0.07213851579447408,,0,,0,,0,0
0.667486144640671,,0,,0,,0,0
0.6196392984688021,,0,,0,,0,0
0.0007949397045173301,,0,,0,,0,0
0.6651881900572059,,0,,0,,0,1
0.8914573976379208,,0,,0,,0,0
0.22214871595266716,,0,,0,,0,0
0.3643099104266507,,0,,0,,0,0
0.09922484051168083,,0,,0,,0,0
0.8484530367844499,,0,,0,,0,1
0.032028708975796245,,0,,0,,0,0
0.33653319217074795,,0,,0,,0,0
0.15936841316780678,,0,,0,,0,0
0.6654118086659546,,0,,0,,0,1
0.8395311101531509,,0,,0,,0,1
0.4859072457952288,,0,,0,,0,1
0.6401595218894369,,0,,0,,0,0
0.7610495282359209,,0,,0,,0,1
0.004688695466088624,,0,,0,,0,0
0.28668393429176897,,0,,0,,0,0
0.26234891413082984,,0,,0,,0,0
0.11833567598665222,,0,,0,,0,0
0.1325920483661022,,0,,0,,0,0
0.8302075965064194,,0,,0,,0,1
0.5735877368204455,,0,,0,,0,0
0.9238492554528615,,0,,0,,0,1
0.9264424996985545,,0,,0,,0,1
0.10560903344345143,,0,,0,,0,0
0.6752748766656976,,0,,0,,0,1
0.02772668929591284,,0,,0,,0,0
0.0038732575575117696,,0,,0,,0,0
0.002611371843322596,,0,,0,,0,0
0.8373935942371187,,0,,0,,0,1
0.025787033047159597,,0,,0,,0,0
0.12073581660181187,,0,,0,,0,0
0.11595337308627707,,0,,0,,0,0
0.12077123527153641,,0,,0,,0,0
0.22112986950687247,,0,,0,,0,0
0.8257616294809609,,0,,0,,0,1
0.7667673039795738,,0,,0,,0,1
0.023482600059978424,,0,,0,,0,0
0.005248999120866827,,0,,0,,0,0
0.44200490684932925,,0,,0,,0,1
0.6323169850994629,,0,,0,,0,1
0.7745704105349204,,0,,0,,0,0
0.9197952896972714,,0,,0,,0,1
0.5538759989903245,,0,,0,,0,0
0.8257623079225871,,0,,0,,0,1
0.017763501708526024,,0,,0,,0,0
0.8147206746494069,,0,,0,,0,1
0.0011860652561364229,,0,,0,,0,0
0.7447688445273231,,0,,0,,0,1
0.585099035211323,,0,,0,,0,0
0.8962196250122337,,0,,0,,0,1
0.03501371867405004,,0,,0,,0,0
0.027272277839204988,,0,,0,,0,0
0.005958240341368434,,0,,0,,0,0
0.9338787342005114,,0,,0,,0,1
0.7943839432906923,,0,,0,,0,0
0.139638384453916,,0,,0,,0,0
0.20421108196761328,,0,,0,,0,0
0.13258094568151044,,0,,0,,0,0
0.5225667381763891,,0,,0,,0,0
0.22361858738939427,,0,,0,,0,0
0.7497043339779943,,0,,0,,0,1
0.696400000970578,,0,,0,,0,1
0.5419327748028026,,0,,0,,0,1
0.4870945755453041,,0,,0,,0,1
0.7201925050331978,,0,,0,,0,1
0.8117540707269122,,0,,0,,0,1
0.7122797955238147,,0,,0,,0,1
0.3918893133146216,,0,,0,,0,0
0.16834886815372183,,0,,0,,0,0
0.7965280585929468,,0,,0,,0,1
0.23354700011801857,,0,,0,,0,0
0.8133630710527948,,0,,0,,0,1
0.38064839336403955,,0,,0,,0,0
0.6711525477598583,,0,,0,,0,0
0.03945641550765538,,0,,0,,0,0
0.8186316447665918,,0,,0,,0,1
0.6636767287630649,,0,,0,,0,1
0.340721860683959,,0,,0,,0,0
0.38733829663835484,,0,,0,,0,0
0.5678615564293837,,0,,0,,0,0
0.26229032744175607,,0,,0,,0,0
0.9280336836276735,,0,,0,,0,1
0.7613916523497319,,0,,0,,0,1
0.7525069604813581,,0,,0,,0,1
0.4914826413981365,,0,,0,,0,0
0.004433351532668965,,0,,0,,0,0
0.7191882647109834,,0,,0,,0,0
0.40482099532033305,,0,,0,,0,0
0.8628317357486035,,0,,0,,0,1
0.6230000244172936,,0,,0,,0,0
0.7942917087626488,,0,,0,,0,1
0.44374281309746033,,0,,0,,0,1
0.8443608137787357,,0,,0,,0,1
0.05971994415826086,,0,,0,,0,0
0.20440990064239797,,0,,0,,0,0
0.3769745435429513,,0,,0,,0,0
0.480243445097289,,0,,0,,0,1
0.046141144207866865,,0,,0,,0,0
0.13518447484357105,,0,,0,,0,0
0.14972322396150778,,0,,0,,0,0
0.7829953457720895,,0,,0,,0,1
0.5014663112813331,,0,,0,,0,0
0.014657678414818928,,0,,0,,0,0
0.9217792212315304,,0,,0,,0,1
0.015567071716132036,,0,,0,,0,0
0.05091823054451293,,0,,0,,0,0
0.514325800402696,,0,,0,,0,0
0.0018197728180311794,,0,,0,,0,0
0.831725050730858,,0,,0,,0,1
0.14883399915430848,,0,,0,,0,0
0.8101984506694488,,0,,0,,0,1
0.12133757136258261,,0,,0,,0,0
0.033720147383413474,,0,,0,,0,0
0.23539921108516956,,0,,0,,0,0
0.6095187063847602,,0,,0,,0,1
0.5306939402847111,,0,,0,,0,0
0.0028777920372109566,,0,,0,,0,0
0.013567345329677613,,0,,0,,0,0
0.5328816676444611,,0,,0,,0,1
0.2897070634396729,,0,,0,,0,0
0.15298926019076,,0,,0,,0,0
0.02496779460297525,,0,,0,,0,0
0.44713316006214604,,0,,0,,0,0
0.015633473934307855,,0,,0,,0,0
0.3597175439223372,,0,,0,,0,0
0.5887488544182952,,0,,0,,0,1
0.006934243032284004,,0,,0,,0,0
0.0061168695587477135,,0,,0,,0,0
0.308612696508815,,0,,0,,0,0
0.18989032479137186,,0,,0,,0,0
0.03724575597010903,,0,,0,,0,0
0.2785966832461328,,0,,0,,0,0
0.13443148693125193,,0,,0,,0,0
0.7127415099971706,,0,,0,,0,1
0.6555677080888079,,0,,0,,0,1
0.93350255863808,,0,,0,,0,1
0.3645165209097482,,0,,0,,0,0
0.07115825710703315,,0,,0,,0,0
0.12759044123111377,,0,,0,,0,0
0.7815886950574449,,0,,0,,0,1
0.8317231011606587,,0,,0,,0,1
0.4477609265332313,,0,,0,,0,0
0.04192163096106604,,0,,0,,0,0
0.7801396295950794,,0,,0,,0,1
0.1476300888804643,,0,,0,,0,0
0.6853155444883738,,0,,0,,0,1
0.029778492704623544,,0,,0,,0,0
0.5699164936664463,,0,,0,,0,1
0.006982118732585902,,0,,0,,0,0
0.006894550578329259,,0,,0,,0,0
0.5716015090555352,,0,,0,,0,0
0.20019158753879335,,0,,0,,0,0
0.901939110577095,,0,,0,,0,1
0.02699020265307797,,0,,0,,0,0
0.03474113381092485,,0,,0,,0,0
0.023660613154204903,,0,,0,,0,0
0.13099679419313656,,0,,0,,0,0
0.7822288050303425,,0,,0,,0,1
0.011200684650371853,,0,,0,,0,0
0.2008968113071962,,0,,0,,0,0
0.021086191059499392,,0,,0,,0,0
0.2782124499911318,,0,,0,,0,0
0.0007087330356671025,,0,,0,,0,0
0.8914920486587761,,0,,0,,0,1
0.04085817943603071,,0,,0,,0,0
0.5681352329938999,,0,,0,,0,0
0.09158001500897789,,0,,0,,0,0
0.16295806630723883,,0,,0,,0,0
0.7827315544410173,,0,,0,,0,0
0.02200234126775499,,0,,0,,0,0
0.6666232421371775,,0,,0,,0,1
0.10762411701828667,,0,,0,,0,0
0.2475125397873538,,0,,0,,0,0
0.15029556187642987,,0,,0,,0,0
0.44915205626161325,,0,,0,,0,0
0.0460923693285266,,0,,0,,0,0
0.7818873344723613,,0,,0,,0,1
0.15646307535326626,,0,,0,,0,0
0.13109040965654128,,0,,0,,0,0
0.006878970805778669,,0,,0,,0,0
0.9036995669007151,,0,,0,,0,1
0.014972926896158405,,0,,0,,0,0
0.7875170161676209,,0,,0,,0,1
0.08759805744958438,,0,,0,,0,0
0.0267140513401359,,0,,0,,0,0
0.7375046380792655,,0,,0,,0,0
0.9358574803784657,,0,,0,,0,1
0.7794259343824346,,0,,0,,0,1
0.2004330278786921,,0,,0,,0,0
0.9522735482680813,,0,,0,,0,1
0.6847065375832927,,0,,0,,0,0
0.6874234542535389,,0,,0,,0,0
0.09582270669810673,,0,,0,,0,0
0.7140755143219503,,0,,0,,0,1
0.43357691950569555,,0,,0,,0,0
0.004506372578650456,,0,,0,,0,0
0.16447787235861236,,0,,0,,0,0
0.8150175288997945,,0,,0,,0,1
0.8033491633037674,,0,,0,,0,1
0.6511019458658046,,0,,0,,0,1
0.5483996543141816,,0,,0,,0,1
0.7710352601840793,,0,,0,,0,1
0.43567507226519087,,0,,0,,0,0
0.613423132582293,,0,,0,,0,0
0.6741755475870376,,0,,0,,0,1
0.5122341169082285,,0,,0,,0,1
0.06037903200474069,,0,,0,,0,0
0.7305998570343377,,0,,0,,0,1
0.9332628667831082,,0,,0,,0,1
0.7814065122124395,,0,,0,,0,1
0.03850902449683248,,0,,0,,0,0
0.010594930486417064,,0,,0,,0,0
0.2215009894387455,,0,,0,,0,1
0.7616158212462812,,0,,0,,0,1
0.3042939582690462,,0,,0,,0,0
0.005432718801640892,,0,,0,,0,0
0.8519606148843151,,0,,0,,0,1
0.9468406135041455,,0,,0,,0,1
0.22959449871992868,,0,,0,,0,0
0.582867597746428,,0,,0,,0,0
0.11343219280461272,,0,,0,,0,0
0.02914572116060789,,0,,0,,0,0
0.20940987912389675,,0,,0,,0,0
0.8104142996346348,,0,,0,,0,1
0.24081165941603394,,0,,0,,0,0
0.6646391076331148,,0,,0,,0,0
0.36186149328284967,,0,,0,,0,0
0.43079635391365667,,0,,0,,0,0
0.7667463649041518,,0,,0,,0,1
0.6722911357655252,,0,,0,,0,1
0.7969693984086667,,0,,0,,0,0
0.6196263179700747,,0,,0,,0,1
0.2218535145290156,,0,,0,,0,0
0.004039647991223793,,0,,0,,0,0
0.6522635212951514,,0,,0,,0,1
0.07731879909709656,,0,,0,,0,0
0.72463460080298,,0,,0,,0,0
0.6191923161585912,,0,,0,,0,1
0.08218237333671298,,0,,0,,0,0
0.19040759494568696,,0,,0,,0,0
0.08658020960146576,,0,,0,,0,0
0.004112590485648933,,0,,0,,0,0
0.009226291825190115,,0,,0,,0,0
0.7766309122508824,,0,,0,,0,0
0.04962085727608472,,0,,0,,0,0
0.006993894111124545,,0,,0,,0,0
0.9027104108114876,,0,,0,,0,1
0.804584965338781,,0,,0,,0,1
0.05093420949074177,,0,,0,,0,0
0.2837295144183863,,0,,0,,0,0
0.1851544145894872,,0,,0,,0,0
0.3705088441437122,,0,,0,,0,0
0.04341002616152569,,0,,0,,0,0
0.980948083124968,,0,,0,,0,1
0.7443311951437859,,0,,0,,0,1
0.06451042883539419,,0,,0,,0,0
0.25525773171755145,,0,,0,,0,0
0.13209683428909824,,0,,0,,0,0
0.4184990162423733,,0,,0,,0,0
0.2805862444720442,,0,,0,,0,0
0.889493761326186,,0,,0,,0,1
0.5550596329936167,,0,,0,,0,0
0.5587320416338574,,0,,0,,0,1
0.7392727229476972,,0,,0,,0,1
0.480037117217209,,0,,0,,0,1
0.8591923685543058,,0,,0,,0,1
0.014931165507696572,,0,,0,,0,0
0.8326105816572695,,0,,0,,0,1
0.5653663998140164,,0,,0,,0,0
0.299165045140913,,0,,0,,0,0
0.4792271901520886,,0,,0,,0,0
0.2774037559948964,,0,,0,,0,0
0.47621764621536855,,0,,0,,0,0
0.7748714965636737,,0,,0,,0,1
0.013487262568172165,,0,,0,,0,0
0.018374639408038206,,0,,0,,0,0
0.42398913628514884,,0,,0,,0,0
0.739419583407475,,0,,0,,0,1
0.40253903097896926,,0,,0,,0,1
0.00873298252805933,,0,,0,,0,0
0.03928405383301016,,0,,0,,0,1
0.7273662699084259,,0,,0,,0,0
0.6868302987177237,,0,,0,,0,1
0.6643372025667695,,0,,0,,0,1
0.24205866759084166,,0,,0,,0,0
0.27020018205468754,,0,,0,,0,0
0.021083604191236678,,0,,0,,0,0
0.4644925995958921,,0,,0,,0,0
0.01199613453069648,,0,,0,,0,0
0.3303230324859713,,0,,0,,0,0
0.5873948728874752,,0,,0,,0,1
0.3490281098873054,,0,,0,,0,1
0.025162136580254003,,0,,0,,0,0
0.7831210059747493,,0,,0,,0,0
0.779182169177649,,0,,0,,0,1
0.4866808369722394,,0,,0,,0,0
0.34862264182447,,0,,0,,0,0
0.28986893098894495,,0,,0,,0,0
0.17174604951970657,,0,,0,,0,0
0.3154728474194769,,0,,0,,0,0
0.010588055645009144,,0,,0,,0,0
0.9638405192285466,,0,,0,,0,1
0.35431564286954137,,0,,0,,0,0
0.005675074698960053,,0,,0,,0,0
0.5796229901323552,,0,,0,,0,0
0.16819130859606596,,0,,0,,0,0
0.4433881902189709,,0,,0,,0,0
0.14013701691006208,,0,,0,,0,0
0.07538081584197485,,0,,0,,0,0
0.7366954225357728,,0,,0,,0,1
0.608532470858876,,0,,0,,0,1
0.2529376863311711,,0,,0,,0,0
0.2041971657884043,,0,,0,,0,0
0.005653024936909805,,0,,0,,0,0
0.22099586153136835,,0,,0,,0,0
0.33503886759149537,,0,,0,,0,0
0.00853260327293741,,0,,0,,0,0
0.3131762760925558,,0,,0,,0,1
0.9314029087656414,,0,,0,,0,1
0.003984057036124198,,0,,0,,0,0
0.9235837128201722,,0,,0,,0,1
0.7528772353467629,,0,,0,,0,1
0.1574277397372958,,0,,0,,0,0
0.09573597212568193,,0,,0,,0,0
0.33538460187311425,,0,,0,,0,0
0.8996107323051497,,0,,0,,0,1
0.33296952098470933,,0,,0,,0,0
0.5511140372363966,,0,,0,,0,1
0.5015936815644433,,0,,0,,0,1
0.9204183491948295,,0,,0,,0,1
0.8727599407500761,,0,,0,,0,1
0.04272193063557142,,0,,0,,0,0
0.08854382135618322,,0,,0,,0,0
0.9217849908858403,,0,,0,,0,1
0.5341880617328186,,0,,0,,0,0
0.000683309453719591,,0,,0,,0,0
0.2355192746431713,,0,,0,,0,0
0.8905743855490835,,0,,0,,0,1
0.08997346014831262,,0,,0,,0,0
0.002716063102544176,,0,,0,,0,0
0.6586182951540918,,0,,0,,0,1
0.8766362413834325,,0,,0,,0,1
0.8128351421828285,,0,,0,,0,0
0.13896992090276555,,0,,0,,0,0
0.0028730644602948316,,0,,0,,0,0
0.565462408151624,,0,,0,,0,1
0.05518200678486399,,0,,0,,0,0
0.4189169049981977,,0,,0,,0,0
0.6977020636380026,,0,,0,,0,0
0.7696782080863012,,0,,0,,0,0
0.3269797456807744,,0,,0,,0,1
0.31213830649661256,,0,,0,,0,0
0.2508158643956005,,0,,0,,0,0
0.06735646967474865,,0,,0,,0,0
0.012528033776222141,,0,,0,,0,0
0.5874736994301056,,0,,0,,0,1
0.003985472507932956,,0,,0,,0,0
0.5382567227021215,,0,,0,,0,0
0.35141206531679725,,0,,0,,0,0
0.024344730820186594,,0,,0,,0,0
0.35436550452048665,,0,,0,,0,0
0.04263114041820168,,0,,0,,0,0
0.9802915697124484,,0,,0,,0,1
0.6360900049007553,,0,,0,,0,0
0.45721008501906474,,0,,0,,0,0
0.6201248669747019,,0,,0,,0,1
0.42496402924213283,,0,,0,,0,0
0.001385727116642837,,0,,0,,0,0
0.013634939267890426,,0,,0,,0,0
0.0034122176693140776,,0,,0,,0,0
0.190716150354015,,0,,0,,0,0
0.7356205422984514,,0,,0,,0,1
0.05513981968274402,,0,,0,,0,0
0.0020745852865700397,,0,,0,,0,0
0.8126508528272203,,0,,0,,0,1
0.5962495486482878,,0,,0,,0,0
0.0951489641895136,,0,,0,,0,0
0.4213216823953201,,0,,0,,0,0
0.17204262990434693,,0,,0,,0,0
0.03080096223709474,,0,,0,,0,0
0.8506631718851472,,0,,0,,0,1
0.016442984564951076,,0,,0,,0,0
0.017434081818125436,,0,,0,,0,0
0.039471994866039625,,0,,0,,0,0
0.0021698805012182565,,0,,0,,0,0
0.023713368185907777,,0,,0,,0,0
0.00380413051525361,,0,,0,,0,0
0.3744850250421435,,0,,0,,0,0
0.8183556383598238,,0,,0,,0,1
0.6397026485414306,,0,,0,,0,1
0.4276036131783484,,0,,0,,0,1
0.018128401352214954,,0,,0,,0,0
0.3360009678488796,,0,,0,,0,0
0.877346794812728,,0,,0,,0,1
0.6175851689312805,,0,,0,,0,0
0.006398553955026603,,0,,0,,0,0
0.9111443933857393,,0,,0,,0,1
0.09878134013280881,,0,,0,,0,0
0.4563276149082937,,0,,0,,0,0
0.8386110572128429,,0,,0,,0,0
0.75755518131755,,0,,0,,0,1
0.341643849626904,,0,,0,,0,0
0.7719477093986142,,0,,0,,0,1
0.09638238903604206,,0,,0,,0,0
0.12460445602943308,,0,,0,,0,0
0.7155119110847862,,0,,0,,0,0
0.9001702602636973,,0,,0,,0,1
0.7698631647344392,,0,,0,,0,1
0.05947870233825259,,0,,0,,0,0
0.8714904289837115,,0,,0,,0,1
0.13276501796696819,,0,,0,,0,0
0.3057895749565339,,0,,0,,0,0
0.5440993468970077,,0,,0,,0,1
0.6460298424326266,,0,,0,,0,1
0.010023142166946357,,0,,0,,0,0
0.25670783638408545,,0,,0,,0,0
0.005968022572119628,,0,,0,,0,0
0.2516630441758416,,0,,0,,0,0
0.13911592063572412,,0,,0,,0,0
0.3970581995757376,,0,,0,,0,0
0.18238808463127393,,0,,0,,0,0
0.004605194026722994,,0,,0,,0,0
0.9387779877350843,,0,,0,,0,1
0.15962517727875714,,0,,0,,0,0
0.8626952359746636,,0,,0,,0,1
0.04608543156695137,,0,,0,,0,0
0.5287521609976221,,0,,0,,0,0
0.02682659040306898,,0,,0,,0,0
0.7051313098856147,,0,,0,,0,1
0.030906286750367745,,0,,0,,0,0
0.5787265965640167,,0,,0,,0,1
0.24396467215958711,,0,,0,,0,0
0.41206777475416245,,0,,0,,0,0
0.5768361285271235,,0,,0,,0,0
0.32084427944861826,,0,,0,,0,0
0.881348854181431,,0,,0,,0,1
0.007247885190828257,,0,,0,,0,0
0.3560417350018529,,0,,0,,0,1
0.18677138425238274,,0,,0,,0,0
0.8910062203163436,,0,,0,,0,1
0.8638929654433805,,0,,0,,0,1
0.7509242234558513,,0,,0,,0,1
0.5712838118562116,,0,,0,,0,0
0.03201894689104344,,0,,0,,0,0
0.4383403991890905,,0,,0,,0,0
0.01462665195222378,,0,,0,,0,0
0.6525729914889603,,0,,0,,0,1
0.4165536469625647,,0,,0,,0,1
0.10985391587521587,,0,,0,,0,0
0.6979512909588154,,0,,0,,0,1
0.2372407445552215,,0,,0,,0,0
0.5663588899612506,,0,,0,,0,0
0.18897813673789082,,0,,0,,0,0
0.811887988263576,,0,,0,,0,1
0.17643057893985786,,0,,0,,0,0
0.11026889120935748,,0,,0,,0,0
0.008052356839926679,,0,,0,,0,0
0.32980261316730985,,0,,0,,0,0
0.001334160392069819,,0,,0,,0,0
0.06215794359133729,,0,,0,,0,0
0.7047851367746774,,0,,0,,0,1
0.6098453772056599,,0,,0,,0,0
0.003953526693483653,,0,,0,,0,0
0.6382402275898935,,0,,0,,0,1
0.9377387183442941,,0,,0,,0,1
0.20336429602597644,,0,,0,,0,0
0.9150383373979312,,0,,0,,0,1
0.7195290139253572,,0,,0,,0,1
0.36248037144361595,,0,,0,,0,0
0.21764590165134257,,0,,0,,0,0
0.15262708583442586,,0,,0,,0,0
0.11594709378693609,,0,,0,,0,0
0.8602606895260824,,0,,0,,0,1
0.7452890597705848,,0,,0,,0,1
0.8463961242897424,,0,,0,,0,1
0.6979502383609152,,0,,0,,0,0
0.7508103168802065,,0,,0,,0,1
0.21064569606266273,,0,,0,,0,0
0.002436357008395933,,0,,0,,0,0
0.7132152781969097,,0,,0,,0,1
0.39977536732459945,,0,,0,,0,0
0.4339362406563799,,0,,0,,0,0
0.7434259058319698,,0,,0,,0,0
0.0017943650868021397,,0,,0,,0,0
0.029421624558623637,,0,,0,,0,0
0.5654110207883144,,0,,0,,0,1
0.08456162703627086,,0,,0,,0,0
0.8635582809164305,,0,,0,,0,1
0.8304215085622918,,0,,0,,0,1
0.056997865312413534,,0,,0,,0,0
0.744606412416432,,0,,0,,0,1
0.8221802910865718,,0,,0,,0,1
0.9106056940467437,,0,,0,,0,1
0.5394686649806688,,0,,0,,0,1
0.5998388846962913,,0,,0,,0,1
0.09855285810508234,,0,,0,,0,0
0.7143415057013762,,0,,0,,0,0
0.07771483577276343,,0,,0,,0,0
0.10208670807168777,,0,,0,,0,0
0.0014521173629588806,,0,,0,,0,0
0.4921832576992841,,0,,0,,0,0
0.834534873856709,,0,,0,,0,1
0.057916684128386284,,0,,0,,0,0
0.30343803249850526,,0,,0,,0,0
0.7211245565937514,,0,,0,,0,1
0.9227995435509708,,0,,0,,0,1
0.6623131809490629,,0,,0,,0,1
0.8458889267224412,,0,,0,,0,1
0.8468997542053847,,0,,0,,0,1
0.283990477547394,,0,,0,,0,0
0.058601452224672154,,0,,0,,0,0
0.21342335017937947,,0,,0,,0,0
0.0039850762812217114,,0,,0,,0,0
0.8586809709704527,,0,,0,,0,1
0.7399039642994854,,0,,0,,0,0
0.0070088072099491385,,0,,0,,0,0
0.17602234062871489,,0,,0,,0,0
0.054016096296993645,,0,,0,,0,0
0.6694642003742504,,0,,0,,0,0
0.6362565644283443,,0,,0,,0,1
0.9382813235180473,,0,,0,,0,1
0.02375646121920057,,0,,0,,0,0
0.028073101891769554,,0,,0,,0,0
0.4429774487513643,,0,,0,,0,0
0.6204536727823231,,0,,0,,0,0
0.18028278269859027,,0,,0,,0,0
0.8162141388482016,,0,,0,,0,1
0.4345841167794302,,0,,0,,0,0
0.0017153818102975146,,0,,0,,0,0
0.00585270194425265,,0,,0,,0,0
0.005690172304276324,,0,,0,,0,0
0.0891240785778342,,0,,0,,0,0
0.8964062723094255,,0,,0,,0,1
0.5892851603666016,,0,,0,,0,0
0.8215920493102894,,0,,0,,0,1
0.29475055635977676,,0,,0,,0,0
0.3658853505598226,,0,,0,,0,0
0.8383730294275346,,0,,0,,0,1
0.0007441893042892004,,0,,0,,0,0
0.8800481746432173,,0,,0,,0,1
0.0431153235857364,,0,,0,,0,0
0.15639584974569137,,0,,0,,0,1
0.9709515537404538,,0,,0,,0,1
0.013266005711603824,,0,,0,,0,0
0.0007513968082218772,,0,,0,,0,0
0.46658783516942764,,0,,0,,0,0
0.00034856643365114995,,0,,0,,0,0
0.7468194087239628,,0,,0,,0,1
0.0017190639956810104,,0,,0,,0,0
0.2340724846724085,,0,,0,,0,0
0.5682936390992462,,0,,0,,0,1
0.146360227911662,,0,,0,,0,0
0.20537413951300318,,0,,0,,0,0
0.037170958080807705,,0,,0,,0,0
0.7656719028108231,,0,,0,,0,1
0.04376856906457416,,0,,0,,0,0
0.8331010907182664,,0,,0,,0,1
0.13704443442544328,,0,,0,,0,0
0.6861084558726049,,0,,0,,0,1
0.6684015309271467,,0,,0,,0,1
0.8049962523183076,,0,,0,,0,1
0.9034509201719597,,0,,0,,0,1
0.06733799671658496,,0,,0,,0,0
0.13509459718836864,,0,,0,,0,1
0.007208220733796518,,0,,0,,0,0
0.8220191843471847,,0,,0,,0,1
0.6765445379983163,,0,,0,,0,0
0.9227867774315553,,0,,0,,0,1
0.05662560870209145,,0,,0,,0,0
0.7406083480942997,,0,,0,,0,0
0.25595467209588274,,0,,0,,0,0
0.9041177148353224,,0,,0,,0,1
0.8753201152017246,,0,,0,,0,1
0.4616990916128548,,0,,0,,0,0
0.20388683403148314,,0,,0,,0,0
0.08345623791889399,,0,,0,,0,0
0.8173898123151144,,0,,0,,0,1
0.016199274704132117,,0,,0,,0,0
0.06083153221308134,,0,,0,,0,0
0.47815801304267513,,0,,0,,0,0
0.7489492524975145,,0,,0,,0,1
0.14155205992930192,,0,,0,,0,0
0.012480823738838135,,0,,0,,0,0
0.0028881793871879395,,0,,0,,0,0
0.6438915749855153,,0,,0,,0,1
0.9077401512878269,,0,,0,,0,1
0.9556360717768241,,0,,0,,0,1
0.19318180159479142,,0,,0,,0,0
0.05969061304466834,,0,,0,,0,0
0.2595739584637121,,0,,0,,0,0
0.030058457141696214,,0,,0,,0,0
0.5145293076408892,,0,,0,,0,0
0.4192720082960849,,0,,0,,0,0
0.4562118413078141,,0,,0,,0,0
0.04422971401507014,,0,,0,,0,0
0.3729709373904939,,0,,0,,0,1
0.22677718866305852,,0,,0,,0,0
0.38783305541352975,,0,,0,,0,0
0.47498074354163167,,0,,0,,0,0
0.8456431274076529,,0,,0,,0,1
0.10716833985905645,,0,,0,,0,0
0.017867764806381737,,0,,0,,0,0
0.2715632534445709,,0,,0,,0,0
0.014116330840026763,,0,,0,,0,0
0.4188941646584688,,0,,0,,0,0
0.3440584957128548,,0,,0,,0,0
0.5712068783111574,,0,,0,,0,0
0.431629945334098,,0,,0,,0,1
0.8617672004365501,,0,,0,,0,1
0.13116505571732598,,0,,0,,0,0
0.4690081637016269,,0,,0,,0,1
0.7436604963529336,,0,,0,,0,1
0.40039963417762275,,0,,0,,0,0
0.8592110919137956,,0,,0,,0,1
0.0643616918344053,,0,,0,,0,0
0.4176742650352618,,0,,0,,0,1
0.38106542653031805,,0,,0,,0,0
0.0419458526064703,,0,,0,,0,0
0.12314660439251786,,0,,0,,0,0
0.8854647691469048,,0,,0,,0,1
0.33115103315147654,,0,,0,,0,0
0.7990563047282195,,0,,0,,0,1
0.9576630080960978,,0,,0,,0,1
0.8204741678203819,,0,,0,,0,1
0.42886582751105184,,0,,0,,0,0
0.3601077739310785,,0,,0,,0,1
0.00642987794455945,,0,,0,,0,0
0.05758823782174116,,0,,0,,0,0
0.020823415307492522,,0,,0,,0,0
0.6649787730923011,,0,,0,,0,0
0.03870188739771064,,0,,0,,0,0
0.9518224601208226,,0,,0,,0,1
0.09440110277895652,,0,,0,,0,0
0.709180766111262,,0,,0,,0,1
0.27286371460751097,,0,,0,,0,0
0.33720837282616495,,0,,0,,0,0
0.03472303166303544,,0,,0,,0,0
0.06766618330979172,,0,,0,,0,0
0.7997823148781221,,0,,0,,0,1
0.29554484073402065,,0,,0,,0,0
0.015588550687159081,,0,,0,,0,0
0.06497198565922022,,0,,0,,0,0
0.2344581541914766,,0,,0,,0,0
0.16267772314527798,,0,,0,,0,0
0.5134276253429605,,0,,0,,0,1
0.9059668260984909,,0,,0,,0,1
0.8547139708955008,,0,,0,,0,1
0.06213245068146609,,0,,0,,0,0
0.20990279050024047,,0,,0,,0,0
0.6876759865185971,,0,,0,,0,1
0.7076455603485973,,0,,0,,0,0
0.905751698606684,,0,,0,,0,1
0.501255212580922,,0,,0,,0,0
0.6944315030775264,,0,,0,,0,0
0.362046790784033,,0,,0,,0,0
0.6902202366059569,,0,,0,,0,1
0.6113656645472647,,0,,0,,0,1
0.18679143804915016,,0,,0,,0,0
0.5154151719124271,,0,,0,,0,1
0.003041981576321929,,0,,0,,0,0
0.0008837448449497048,,0,,0,,0,0
0.2654162665993252,,0,,0,,0,0
0.6291900261043246,,0,,0,,0,0
0.4230274532800955,,0,,0,,0,0
0.011823454048297804,,0,,0,,0,0
0.6436103450745407,,0,,0,,0,1
0.7099667630999685,,0,,0,,0,0
0.08613150724948489,,0,,0,,0,0
0.36461159822513306,,0,,0,,0,1
0.7871436493476551,,0,,0,,0,1
0.9305344767654955,,0,,0,,0,1
0.010893441378904078,,0,,0,,0,0
0.004039178438502978,,0,,0,,0,0
0.5380469820468681,,0,,0,,0,0
0.8374983671020466,,0,,0,,0,1
0.8539958654349306,,0,,0,,0,1
0.32476469135164265,,0,,0,,0,0
0.7703832735549155,,0,,0,,0,1
0.23520281289477962,,0,,0,,0,0
0.5931508307909156,,0,,0,,0,0
0.6869267897595922,,0,,0,,0,0
0.017303633986518126,,0,,0,,0,0
0.046112179724513855,,0,,0,,0,0
0.018952965471607502,,0,,0,,0,0
0.25585597618168304,,0,,0,,0,0
0.6398138888727016,,0,,0,,0,1
0.0028386710195948787,,0,,0,,0,0
0.15680508197799514,,0,,0,,0,0
0.23071466248750622,,0,,0,,0,0
0.03874443354637269,,0,,0,,0,0
0.0590266409656813,,0,,0,,0,0
0.011747348368376381,,0,,0,,0,0
0.6641801071047972,,0,,0,,0,1
0.11298845653159544,,0,,0,,0,0
0.017492003386778473,,0,,0,,0,0
0.0030287253908994347,,0,,0,,0,0
0.13245063153592967,,0,,0,,0,0
0.923967398684543,,0,,0,,0,1
0.22973254445248817,,0,,0,,0,0
0.11637618209333185,,0,,0,,0,0
0.6563952176727399,,0,,0,,0,1
0.13220876502569906,,0,,0,,0,0
0.06539432202640953,,0,,0,,0,0
0.0783533507509673,,0,,0,,0,0
0.02526330276418235,,0,,0,,0,0
0.0006867759815354224,,0,,0,,0,0
0.3603593549631796,,0,,0,,0,0
0.8593187424483737,,0,,0,,0,0
0.18181928590505442,,0,,0,,0,0
0.0703887883498033,,0,,0,,0,0
0.6079007309764413,,0,,0,,0,0
0.13710718872996372,,0,,0,,0,0
0.45739954975501795,,0,,0,,0,0
0.49601861666753744,,0,,0,,0,1
0.4341205708383936,,0,,0,,0,0
0.07011077293605923,,0,,0,,0,0
0.8322659242576853,,0,,0,,0,1
0.6959046494859131,,0,,0,,0,1
0.03831145861523562,,0,,0,,0,0
0.7158728612282148,,0,,0,,0,1
0.7038979684988608,,0,,0,,0,1
0.9068329249097626,,0,,0,,0,1
0.07692432560724066,,0,,0,,0,0
0.04253304594964951,,0,,0,,0,0
0.03175730605179971,,0,,0,,0,0
0.2617295971736607,,0,,0,,0,0
0.020584652080027136,,0,,0,,0,0
0.09523619189534044,,0,,0,,0,0
0.7481014733763579,,0,,0,,0,1
0.664728854038574,,0,,0,,0,1
0.24493605206934338,,0,,0,,0,0
0.7208223955614648,,0,,0,,0,1
0.898618257758408,,0,,0,,0,1
0.02543503046344479,,0,,0,,0,0
0.01656931949217328,,0,,0,,0,0
0.9326152278765545,,0,,0,,0,1
0.17646002024497479,,0,,0,,0,0
0.08651349738202191,,0,,0,,0,0
0.6924881479620326,,0,,0,,0,1
0.1879935232664665,,0,,0,,0,0
0.5901466233561384,,0,,0,,0,1
0.21098116640060377,,0,,0,,0,0
0.8121162380023463,,0,,0,,0,1
0.3072343733783362,,0,,0,,0,0
0.034014814536108204,,0,,0,,0,0
0.9390988362460673,,0,,0,,0,1
0.6412135375978284,,0,,0,,0,0
0.584579171035083,,0,,0,,0,0
0.533812652305262,,0,,0,,0,1
0.8119153269562931,,0,,0,,0,1
0.7653230702221505,,0,,0,,0,1
0.021972845632436185,,0,,0,,0,0
0.8263537400362105,,0,,0,,0,1
0.010560657462562236,,0,,0,,0,0
0.4674036325606935,,0,,0,,0,0
0.9070853172864263,,0,,0,,0,1
0.015541401174112374,,0,,0,,0,0
0.40645738276784504,,0,,0,,0,0
0.011660614511334023,,0,,0,,0,0
0.26163888025617227,,0,,0,,0,0
0.7959704759811485,,0,,0,,0,0
0.05830088731046797,,0,,0,,0,0
0.027968700765094168,,0,,0,,0,0
0.2189264155143506,,0,,0,,0,0
0.1839280080871965,,0,,0,,0,0
0.6881554185273943,,0,,0,,0,1
0.252843766419866,,0,,0,,0,0
0.012372311478429833,,0,,0,,0,0
0.24648460390294197,,0,,0,,0,0
0.4292651322986864,,0,,0,,0,0
0.5720231896564497,,0,,0,,0,1
0.14735213937148087,,0,,0,,0,0
0.5014422480318632,,0,,0,,0,1
0.5724200121177545,,0,,0,,0,1
0.08233238720098117,,0,,0,,0,0
0.6842248315105839,,0,,0,,0,0
0.037606424582431075,,0,,0,,0,0
0.6090970816860418,,0,,0,,0,1
0.013687330252551536,,0,,0,,0,0
0.013243430750053919,,0,,0,,0,0
0.5147492815334453,,0,,0,,0,0
0.8787772002892723,,0,,0,,0,1
0.059091975249861886,,0,,0,,0,0
0.8772137175887581,,0,,0,,0,1
0.08837174949286407,,0,,0,,0,0
0.8407642335452155,,0,,0,,0,1
0.8095487380971284,,0,,0,,0,1
0.5038944587657187,,0,,0,,0,1
0.2370294311815889,,0,,0,,0,1
0.12476881994874285,,0,,0,,0,1
0.47892296618757024,,0,,0,,0,1
0.7432650157468773,,0,,0,,0,1
0.7554980565193206,,0,,0,,0,1
0.37870154961045777,,0,,0,,0,0
0.552972967230136,,0,,0,,0,0
0.3367435980950159,,0,,0,,0,0
0.41204791373966876,,0,,0,,0,0
0.20793437336899298,,0,,0,,0,0
0.12691052202528832,,0,,0,,0,0
0.2520675469792998,,0,,0,,0,0
0.3590727236135499,,0,,0,,0,0
0.042386845541567866,,0,,0,,0,0
0.0587869920877931,,0,,0,,0,0
0.7161941559264778,,0,,0,,0,1
0.0069934220216894966,,0,,0,,0,0
0.5679648085747578,,0,,0,,0,0
0.37425004616400637,,0,,0,,0,0
0.2591964714825529,,0,,0,,0,0
0.7802259009103654,,0,,0,,0,1
0.037684858580031025,,0,,0,,0,0
0.07639588792614901,,0,,0,,0,0
0.07573665867964532,,0,,0,,0,0
0.8420866561199281,,0,,0,,0,1
0.002363130221673427,,0,,0,,0,0
0.8571076983277062,,0,,0,,0,1
0.2835695171064232,,0,,0,,0,0
0.5799047633918956,,0,,0,,0,1
0.0013584405037941742,,0,,0,,0,0
0.22866573725036887,,0,,0,,0,0
0.17062320822071025,,0,,0,,0,0
0.01314883025197299,,0,,0,,0,0
0.1580142305622691,,0,,0,,0,0
0.10099120576734225,,0,,0,,0,0
0.35097011891763796,,0,,0,,0,0
0.0010159942009592326,,0,,0,,0,0
0.46482512553082467,,0,,0,,0,0
0.2595551655368454,,0,,0,,0,0
0.033314967512884916,,0,,0,,0,0
0.008364443234578817,,0,,0,,0,0
0.7625793558383911,,0,,0,,0,1
0.8965993483517669,,0,,0,,0,1
0.08422416574663433,,0,,0,,0,0
0.0038935287556937257,,0,,0,,0,0
0.15851078649991038,,0,,0,,0,0
0.05526548614440989,,0,,0,,0,0
0.45888648798945686,,0,,0,,0,0
0.2753180684833675,,0,,0,,0,0
0.03212125995756812,,0,,0,,0,0
0.0016217195329393096,,0,,0,,0,0
0.9321685755192558,,0,,0,,0,1
0.004459872873426907,,0,,0,,0,0
0.3195458298939884,,0,,0,,0,0
0.3314545989108981,,0,,0,,0,0
0.2570247488508209,,0,,0,,0,0
0.13584138451144862,,0,,0,,0,0
0.013567311544594368,,0,,0,,0,0
0.9053023100251737,,0,,0,,0,1
0.006208851378866363,,0,,0,,0,0
0.9483270230270178,,0,,0,,0,1
0.40321651533592134,,0,,0,,0,0
0.35195659169197335,,0,,0,,0,0
0.0959040694139194,,0,,0,,0,0
0.7565085524035411,,0,,0,,0,1
0.6742167880725443,,0,,0,,0,0
0.0708022514343588,,0,,0,,0,0
0.8681992671775248,,0,,0,,0,1
0.023701388813483992,,0,,0,,0,0
0.48897589068518954,,0,,0,,0,0
0.9006126453388419,,0,,0,,0,1
0.4543678083332255,,0,,0,,0,0
0.763507270650729,,0,,0,,0,1
0.25612623288515907,,0,,0,,0,0
0.9277793172413118,,0,,0,,0,1
0.33700442226470967,,0,,0,,0,0
0.3716193847063334,,0,,0,,0,1
0.005655167370887233,,0,,0,,0,0
0.49516696291739637,,0,,0,,0,0
0.14112450382072633,,0,,0,,0,0
0.005268746917334937,,0,,0,,0,0
0.03467648040246951,,0,,0,,0,0
0.5945961333409672,,0,,0,,0,1
0.7309396995405321,,0,,0,,0,1
0.06906693404777708,,0,,0,,0,0
0.6338868627831694,,0,,0,,0,0
0.25758469272107204,,0,,0,,0,0
0.23804507840768174,,0,,0,,0,0
0.5002842361660614,,0,,0,,0,0
0.15974889729467953,,0,,0,,0,0
0.049626365421395494,,0,,0,,0,0
0.8321450397243337,,0,,0,,0,1
0.8381390668129829,,0,,0,,0,1
0.0008837448449497048,,0,,0,,0,0
0.7199258587988314,,0,,0,,0,1
0.34672371134025265,,0,,0,,0,0
0.7412826273403119,,0,,0,,0,1
0.0009395895683150942,,0,,0,,0,0
0.6105745127283376,,0,,0,,0,0
0.8387037487023301,,0,,0,,0,1
0.010456055566782816,,0,,0,,0,0
0.9600473281581333,,0,,0,,0,1
0.11935722143626885,,0,,0,,0,0
0.006576821302590076,,0,,0,,0,0
0.0017587308458731292,,0,,0,,0,0
0.9322144035558537,,0,,0,,0,1
0.4540406323230887,,0,,0,,0,0
0.22520768694129095,,0,,0,,0,0
0.3404322125425172,,0,,0,,0,0
0.09734888244774938,,0,,0,,0,0
0.5062800753405441,,0,,0,,0,1
0.5705858806540791,,0,,0,,0,1
0.8322554994801324,,0,,0,,0,1
0.23461746173953832,,0,,0,,0,0
0.8190739943494098,,0,,0,,0,1
0.15890769557263715,,0,,0,,0,0
0.8548420068766959,,0,,0,,0,1
0.7602526611743392,,0,,0,,0,1
0.9054160685041432,,0,,0,,0,1
0.437346126543343,,0,,0,,0,0
0.0020587806406407116,,0,,0,,0,0
0.22583817570145143,,0,,0,,0,0
0.033419241979968026,,0,,0,,0,0
0.17395568970386635,,0,,0,,0,0
0.6456573613944392,,0,,0,,0,1
0.6200137383126495,,0,,0,,0,1
0.7722348403311322,,0,,0,,0,1
0.022567006947652096,,0,,0,,0,0
0.8877460500873839,,0,,0,,0,1
0.07100227609297913,,0,,0,,0,0
0.9570478631992267,,0,,0,,0,1
0.6989641964502437,,0,,0,,0,0
0.272839806681999,,0,,0,,0,1
0.48255355435992486,,0,,0,,0,0
0.04298863434151254,,0,,0,,0,0
0.8322876421376026,,0,,0,,0,1
0.3814531464525344,,0,,0,,0,1
0.5629450018235754,,0,,0,,0,1
0.7918303187082858,,0,,0,,0,1
0.6050419076422457,,0,,0,,0,1
0.13753061235135294,,0,,0,,0,0
0.1583558582986434,,0,,0,,0,0
0.06577314457256142,,0,,0,,0,0
0.6785174890116831,,0,,0,,0,1
0.16722231545699556,,0,,0,,0,0
0.0038764891806912054,,0,,0,,0,0
0.0028900690466731552,,0,,0,,0,0
0.8990288084699077,,0,,0,,0,1
0.7227493876290869,,0,,0,,0,0
0.431048570096353,,0,,0,,0,0
0.8315764036544507,,0,,0,,0,1
0.06311540032384812,,0,,0,,0,0
0.4259966210916054,,0,,0,,0,1
0.20997250528975148,,0,,0,,0,0
0.8425579462490198,,0,,0,,0,1
0.25774311454570253,,0,,0,,0,1
0.31874619581965685,,0,,0,,0,0
0.5858715293442295,,0,,0,,0,1
0.6734294386071207,,0,,0,,0,1
0.41933055246754253,,0,,0,,0,0
0.028807932687389938,,0,,0,,0,0
0.010992776871004034,,0,,0,,0,0
0.0497884271329481,,0,,0,,0,0
0.09133509317182724,,0,,0,,0,0
0.2137074721355583,,0,,0,,0,0
0.7206034002141015,,0,,0,,0,1
0.7599045101594173,,0,,0,,0,1
0.5773500669492798,,0,,0,,0,0
0.7516868606693269,,0,,0,,0,1
0.8680911970682521,,0,,0,,0,1
0.2297566418970352,,0,,0,,0,0
0.3191476659078679,,0,,0,,0,0
0.6808301048830894,,0,,0,,0,1
0.21030245371159362,,0,,0,,0,0
0.0033532406000943704,,0,,0,,0,0
0.18830651948941485,,0,,0,,0,0
0.1587051078426487,,0,,0,,0,0
0.12313460203876733,,0,,0,,0,0
0.5357852740190535,,0,,0,,0,1
0.6086066965457773,,0,,0,,0,1
0.010479909564143335,,0,,0,,0,0
0.02468340330496316,,0,,0,,0,0
0.09829393076312758,,0,,0,,0,0
0.5846630626832824,,0,,0,,0,1
0.20660785966004597,,0,,0,,0,0
0.2290221847039255,,0,,0,,0,0
0.7278809174281349,,0,,0,,0,1
0.598614971096376,,0,,0,,0,0
0.22934092816039064,,0,,0,,0,0
0.18157822281001929,,0,,0,,0,0
0.7582183073777444,,0,,0,,0,1
0.3975527612349221,,0,,0,,0,0
0.7175285454673789,,0,,0,,0,0
0.504133418655733,,0,,0,,0,0
0.017531780925919095,,0,,0,,0,0
0.2147736200049173,,0,,0,,0,0
0.25726445946708315,,0,,0,,0,0
0.7355541301774988,,0,,0,,0,1
0.03845935775509484,,0,,0,,0,0
0.011480114183833854,,0,,0,,0,0
0.017172020183779276,,0,,0,,0,0
0.6828314392893415,,0,,0,,0,1
0.8753644640008572,,0,,0,,0,1
0.018419235558911125,,0,,0,,0,0
0.8733129620121698,,0,,0,,0,1
0.403809258605238,,0,,0,,0,0
0.0009239929666644143,,0,,0,,0,0
0.0005014029384686548,,0,,0,,0,0
0.022821825365582228,,0,,0,,0,0
0.01564806426858622,,0,,0,,0,0
0.9509028019208247,,0,,0,,0,1
0.89106744571595,,0,,0,,0,1
0.20220781610860575,,0,,0,,0,0
0.32288823997894917,,0,,0,,0,0
0.15744904383566705,,0,,0,,0,0
0.8401978025881199,,0,,0,,0,1
0.2667655510083323,,0,,0,,0,0
0.5364024561765238,,0,,0,,0,0
0.010053799039572247,,0,,0,,0,0
0.7885183538427828,,0,,0,,0,0
0.5834975772931641,,0,,0,,0,0
0.8776190018705223,,0,,0,,0,1
0.2145855501948369,,0,,0,,0,0
0.011689574671385927,,0,,0,,0,0
0.26488046351630534,,0,,0,,0,0
0.5828131229029754,,0,,0,,0,0
0.7293783835511423,,0,,0,,0,1
0.4011400739993455,,0,,0,,0,0
0.27232036242017077,,0,,0,,0,0
0.00521059998719361,,0,,0,,0,0
0.09591054861856789,,0,,0,,0,0
0.15776959432700832,,0,,0,,0,1
0.02795211166268121,,0,,0,,0,0
0.13667550794017633,,0,,0,,0,0
0.023060978268663372,,0,,0,,0,0
0.7567596165294288,,0,,0,,0,1
0.9451284070055472,,0,,0,,0,1
0.008571951180135736,,0,,0,,0,0
0.10537533936374574,,0,,0,,0,0
0.7551200577710809,,0,,0,,0,1
0.1966853601239014,,0,,0,,0,0
0.48598550159531967,,0,,0,,0,0
0.754937101356775,,0,,0,,0,1
0.0014044427994803913,,0,,0,,0,0
0.8765128954107043,,0,,0,,0,1
0.8596010808084203,,0,,0,,0,1
0.7197780914175093,,0,,0,,0,1
0.9192606749604,,0,,0,,0,1
0.7581707794953763,,0,,0,,0,1
0.1112858934892846,,0,,0,,0,0
0.7795956422355949,,0,,0,,0,1
0.18542279044701898,,0,,0,,0,0
0.8653073522850256,,0,,0,,0,1
0.5037839948957602,,0,,0,,0,0
0.024470008846862436,,0,,0,,0,0
0.20586216146793918,,0,,0,,0,0
0.8968557258846743,,0,,0,,0,1
0.817178929257169,,0,,0,,0,1
0.3208251310877092,,0,,0,,0,0
0.0030765499628814964,,0,,0,,0,0
0.42800584363803534,,0,,0,,0,1
0.15066650840983245,,0,,0,,0,0
0.8973826720593348,,0,,0,,0,1
0.026175841884770658,,0,,0,,0,0
0.0009371316337377824,,0,,0,,0,0
0.2420192277087561,,0,,0,,0,0
0.8091614680196539,,0,,0,,0,1
0.07636379188759378,,0,,0,,0,0
0.1354082932849332,,0,,0,,0,0
0.5738829958230715,,0,,0,,0,1
0.0076814659928883516,,0,,0,,0,0
0.13509568638792074,,0,,0,,0,0
0.06140265310067169,,0,,0,,0,0
0.0389176724744039,,0,,0,,0,0
0.2617837469318266,,0,,0,,0,0
0.3673151676239524,,0,,0,,0,0
0.5667441960308144,,0,,0,,0,0
0.03102956351538879,,0,,0,,0,0
0.4675116709997031,,0,,0,,0,0
0.07714029040529344,,0,,0,,0,0
0.38336184111074595,,0,,0,,0,0
0.5274560629260309,,0,,0,,0,0
0.28365368880038766,,0,,0,,0,0
0.4491695964350482,,0,,0,,0,1
0.0326492679280262,,0,,0,,0,0
0.3207830471878136,,0,,0,,0,0
0.9311785555294906,,0,,0,,0,1
0.43550779003283424,,0,,0,,0,0
0.7837662592893837,,0,,0,,0,1
0.014508013798301616,,0,,0,,0,0
0.01793007534655282,,0,,0,,0,0
0.4320653660587218,,0,,0,,0,0
0.0043957306182072315,,0,,0,,0,0
0.2664364331688713,,0,,0,,0,0
0.025559022363770518,,0,,0,,0,0
0.002113692596802284,,0,,0,,0,0
0.2826673717816582,,0,,0,,0,0
0.6984172994722229,,0,,0,,0,1
0.5051945125148121,,0,,0,,0,1
0.9055805284959149,,0,,0,,0,1
0.8319616729566249,,0,,0,,0,1
0.18200821747437962,,0,,0,,0,0
0.1756003313412641,,0,,0,,0,0
0.0009772299905984067,,0,,0,,0,0
0.35668997417867787,,0,,0,,0,0
0.8804439878225159,,0,,0,,0,1
0.8438730546942533,,0,,0,,0,1
0.02208955009377896,,0,,0,,0,0
0.9106325167017125,,0,,0,,0,1
0.7069573921821236,,0,,0,,0,1
0.048379230815298525,,0,,0,,0,0
0.08240541860732328,,0,,0,,0,0
0.7558233803188937,,0,,0,,0,1
0.19004521511923697,,0,,0,,0,0
0.5619566285936497,,0,,0,,0,1
0.5062156310432309,,0,,0,,0,0
0.0014929111539531078,,0,,0,,0,0
0.3676048873237864,,0,,0,,0,1
0.07235473306808896,,0,,0,,0,0
0.18228325764743564,,0,,0,,0,0
0.26525312003835855,,0,,0,,0,0
0.005864649839835848,,0,,0,,0,0
0.5776066638075232,,0,,0,,0,0
0.7840021671831566,,0,,0,,0,1
0.23971983090610136,,0,,0,,0,0
0.7027810988136665,,0,,0,,0,0
0.9374281649919899,,0,,0,,0,1
0.6725584234672989,,0,,0,,0,1
0.028241736290139645,,0,,0,,0,0
0.5335807292737942,,0,,0,,0,0
0.008206183884981738,,0,,0,,0,0
0.7219357861022677,,0,,0,,0,1
0.23933530697206867,,0,,0,,0,0
0.02715720166267436,,0,,0,,0,0
0.5873461613022772,,0,,0,,0,1
0.4002666467604956,,0,,0,,0,0
0.08841396352504963,,0,,0,,0,0
0.1381575459358747,,0,,0,,0,0
0.5375762455597546,,0,,0,,0,0
0.01235408047168975,,0,,0,,0,0
0.013769100201523027,,0,,0,,0,0
0.3196051547545087,,0,,0,,0,0
0.14354496140291925,,0,,0,,0,0
0.7544709249284017,,0,,0,,0,1
0.0009561489994808122,,0,,0,,0,0
0.7383115933285669,,0,,0,,0,1
0.24051470186725932,,0,,0,,0,0
0.5608047548231687,,0,,0,,0,0
0.026863851577917913,,0,,0,,0,0
0.3422694851634811,,0,,0,,0,0
0.03073254339727823,,0,,0,,0,0
0.47828096571600315,,0,,0,,0,0
0.04192584432541509,,0,,0,,0,0
0.4749162638595884,,0,,0,,0,0
0.0035264561269593873,,0,,0,,0,0
0.877947622912861,,0,,0,,0,1
0.19165760047652308,,0,,0,,0,0
0.2695644736436297,,0,,0,,0,0
0.0171917351804647,,0,,0,,0,0
0.6329618534390915,,0,,0,,0,1
0.7392171500431394,,0,,0,,0,1
0.6347801308051635,,0,,0,,0,0
0.13443557453747745,,0,,0,,0,0
0.01573929245025208,,0,,0,,0,0
0.02267598836018987,,0,,0,,0,0
0.10670029775340376,,0,,0,,0,0
0.9266282272359533,,0,,0,,0,1
0.6160686397102704,,0,,0,,0,0
0.05551071810475515,,0,,0,,0,0
0.841991414263793,,0,,0,,0,0
0.7795047840441935,,0,,0,,0,1
0.8081959671753018,,0,,0,,0,1
0.2421576732172447,,0,,0,,0,0
0.16146889975200263,,0,,0,,0,0
0.730994083811637,,0,,0,,0,0
0.6419439600511722,,0,,0,,0,0
0.8737248708713562,,0,,0,,0,1
0.5927636450903896,,0,,0,,0,0
0.33554615128450277,,0,,0,,0,0
0.00757100244453892,,0,,0,,0,0
0.03742380442375509,,0,,0,,0,0
0.21921851183343394,,0,,0,,0,0
0.6654841463438839,,0,,0,,0,1
0.5005049146471099,,0,,0,,0,1
0.6021788183513938,,0,,0,,0,0
0.786996255476993,,0,,0,,0,1
0.007953031093224882,,0,,0,,0,0
0.24369937313689216,,0,,0,,0,0
0.6888116433229536,,0,,0,,0,1
0.14688862878526532,,0,,0,,0,0
0.9109972983832753,,0,,0,,0,0
0.898223377428574,,0,,0,,0,1
0.8042368428067691,,0,,0,,0,1
0.7016439212376548,,0,,0,,0,1
0.7232365454211926,,0,,0,,0,1
0.6511939521561092,,0,,0,,0,0
0.5350996714810714,,0,,0,,0,1
0.008829884925012117,,0,,0,,0,0
0.7462102292576933,,0,,0,,0,1
0.714491060290135,,0,,0,,0,0
0.4679858944249857,,0,,0,,0,0
0.8353614963108802,,0,,0,,0,1
0.07196556307063312,,0,,0,,0,1
0.9379630606109289,,0,,0,,0,1
0.10848022542060179,,0,,0,,0,0
0.16794168166426124,,0,,0,,0,0
0.6427827120104593,,0,,0,,0,0
0.9405770737098782,,0,,0,,0,1
0.3475256891458101,,0,,0,,0,1
0.7823813723026569,,0,,0,,0,1
0.018452665018642685,,0,,0,,0,0
0.9436550459359141,,0,,0,,0,1
0.4571143648144157,,0,,0,,0,0
0.028861861871101253,,0,,0,,0,0
0.5155202915508813,,0,,0,,0,0
0.8313885141594157,,0,,0,,0,1
0.08989642157659099,,0,,0,,0,0
0.3259096071623505,,0,,0,,0,0
0.8862920475684121,,0,,0,,0,1
0.8065542782372163,,0,,0,,0,1
0.0017714844838538856,,0,,0,,0,0
0.6410525787918211,,0,,0,,0,0
0.6970030096925685,,0,,0,,0,0
0.04296856029503062,,0,,0,,0,0
0.011729556296294,,0,,0,,0,0
0.010935442045234622,,0,,0,,0,0
0.5313685002506111,,0,,0,,0,0
0.013825849390984546,,0,,0,,0,0
0.016088184951270252,,0,,0,,0,0
0.8979174127530598,,0,,0,,0,0
0.005275442381367414,,0,,0,,0,0
0.25822053765222386,,0,,0,,0,0
0.12546481187228128,,0,,0,,0,0
0.8291136300383357,,0,,0,,0,1
0.7366300627946895,,0,,0,,0,1
0.05157613498625607,,0,,0,,0,0
0.8381597491748265,,0,,0,,0,1
0.9547697657107056,,0,,0,,0,1
0.5458764868933563,,0,,0,,0,1
0.1910401399690518,,0,,0,,0,0
0.01713195383715215,,0,,0,,0,0
0.6191499296430947,,0,,0,,0,0
0.00920834306549637,,0,,0,,0,0
0.09027859366524846,,0,,0,,0,0
0.4027187963188368,,0,,0,,0,0
0.655046314003381,,0,,0,,0,1
0.5519565778802604,,0,,0,,0,1
0.21447850921675435,,0,,0,,0,0
0.7108869785415342,,0,,0,,0,1
0.19382933132650318,,0,,0,,0,0
0.2548260228036211,,0,,0,,0,0
0.03687469007728024,,0,,0,,0,0
0.29743526565666145,,0,,0,,0,0
0.791692009433197,,0,,0,,0,1
0.5624557794778139,,0,,0,,0,1
0.8024148954150979,,0,,0,,0,1
0.12583103664484951,,0,,0,,0,0
0.7821474222372159,,0,,0,,0,1
0.20434383360317146,,0,,0,,0,1
0.14920823979180384,,0,,0,,0,0
0.8842367168715277,,0,,0,,0,1
0.019514877113320565,,0,,0,,0,0
0.04457567002499545,,0,,0,,0,0
0.2894939650463027,,0,,0,,0,0
0.03419001295638726,,0,,0,,0,0
0.1622998565311305,,0,,0,,0,0
0.6550691541893539,,0,,0,,0,0
0.20934548249043225,,0,,0,,0,0
0.8864017975632444,,0,,0,,0,1
0.9041654651281587,,0,,0,,0,1
0.5831718873547795,,0,,0,,0,1
0.0738771237318039,,0,,0,,0,0
0.013267412712454496,,0,,0,,0,0
0.8333498135249455,,0,,0,,0,1
0.02523922653793214,,0,,0,,0,0
0.08524170394637728,,0,,0,,0,0
0.4545164784124485,,0,,0,,0,0
0.7043064719801352,,0,,0,,0,1
0.00851645912084669,,0,,0,,0,0
0.7536371009025132,,0,,0,,0,1
0.15824344732801043,,0,,0,,0,0
0.7133672214300321,,0,,0,,0,1
0.01732305417022901,,0,,0,,0,0
0.06540520709964323,,0,,0,,0,0
0.8710215722414262,,0,,0,,0,1
0.0099750343840823,,0,,0,,0,0
0.5720475301006072,,0,,0,,0,1
0.40540340356445836,,0,,0,,0,0
0.15885291527838322,,0,,0,,0,0
0.9147445663678073,,0,,0,,0,1
0.3296282821526455,,0,,0,,0,0
0.033505168418179715,,0,,0,,0,0
0.2489283090930851,,0,,0,,0,0
0.7506297989729279,,0,,0,,0,1
0.14021640736978563,,0,,0,,0,0
0.8393385827528169,,0,,0,,0,1
0.22957249258380613,,0,,0,,0,0
0.01907416342858526,,0,,0,,0,0
0.2654703103546914,,0,,0,,0,0
0.30384963413079763,,0,,0,,0,0
0.3390795082720609,,0,,0,,0,0
0.18122397927063588,,0,,0,,0,0
0.31195601024272646,,0,,0,,0,0
0.6209936646055497,,0,,0,,0,0
0.5803944874158168,,0,,0,,0,0
0.696786099367191,,0,,0,,0,1
0.22752672882585015,,0,,0,,0,0
0.4032420210251416,,0,,0,,0,1
0.6987717748220721,,0,,0,,0,1
0.0002388823798388914,,0,,0,,0,0
0.45976683671019475,,0,,0,,0,1
0.37952799293895845,,0,,0,,0,0
0.4639550716678257,,0,,0,,0,0
0.012181394481845815,,0,,0,,0,0
0.912550566726203,,0,,0,,0,1
0.03158104378936683,,0,,0,,0,0
0.2304064016914758,,0,,0,,0,0
0.02438741012905287,,0,,0,,0,0
0.8881028585613132,,0,,0,,0,1
0.13648500708794437,,0,,0,,0,0
0.9349276640769533,,0,,0,,0,1
0.7408397747011348,,0,,0,,0,1
0.16469082916143732,,0,,0,,0,0
0.4549976260357543,,0,,0,,0,0
0.02559850861518847,,0,,0,,0,0
0.08919634211115961,,0,,0,,0,0
0.7999146418886177,,0,,0,,0,1
0.9039886476019865,,0,,0,,0,1
0.04614928401892066,,0,,0,,0,0
0.7117087511864484,,0,,0,,0,1
0.04793732253085815,,0,,0,,0,0
0.2330975109745453,,0,,0,,0,0
0.5344051981879446,,0,,0,,0,1
0.1990543245714112,,0,,0,,0,0
0.40105223506374255,,0,,0,,0,0
0.07696811316864452,,0,,0,,0,0
0.7736471860901324,,0,,0,,0,1
0.9188585932832398,,0,,0,,0,1
0.011751915256214381,,0,,0,,0,0
0.4702787380301737,,0,,0,,0,0
0.40446806599532953,,0,,0,,0,0
0.7548378106408509,,0,,0,,0,1
0.49416694423602925,,0,,0,,0,1
0.003404891399112206,,0,,0,,0,0
0.018613774978732494,,0,,0,,0,0
0.36605273098251,,0,,0,,0,0
0.8016678843601156,,0,,0,,0,1
0.6876518543441803,,0,,0,,0,1
0.012416866881258953,,0,,0,,0,0
0.6302269629429474,,0,,0,,0,0
0.2157955570939744,,0,,0,,0,1
0.22581073877755187,,0,,0,,0,0
0.7110991175627649,,0,,0,,0,1
0.5688317695942142,,0,,0,,0,1
0.0007714596065206531,,0,,0,,0,0
0.10990363206871252,,0,,0,,0,0
0.05093943135070731,,0,,0,,0,0
0.8601765901167487,,0,,0,,0,1
0.7487662170243268,,0,,0,,0,1
0.4659347164112533,,0,,0,,0,0
0.02469067790102783,,0,,0,,0,0
0.483634848563402,,0,,0,,0,0
0.8328884576027026,,0,,0,,0,1
0.6700890281921345,,0,,0,,0,1
0.1175169005909477,,0,,0,,0,0
0.2619291559683422,,0,,0,,0,0
0.6724032253460905,,0,,0,,0,1
0.06266349666633239,,0,,0,,0,0
0.048900841615869016,,0,,0,,0,0
0.45838786920298363,,0,,0,,0,0
0.09487047618011854,,0,,0,,0,0
0.03157754055443165,,0,,0,,0,0
0.20408635793681967,,0,,0,,0,0
0.837436315345007,,0,,0,,0,1
0.9200235721543761,,0,,0,,0,1
0.06727457109847647,,0,,0,,0,0
0.00047043053535431755,,0,,0,,0,0
0.19550460954769017,,0,,0,,0,0
0.30954728369042467,,0,,0,,0,0
0.01857863546627065,,0,,0,,0,0
0.6197233443038815,,0,,0,,0,1
0.8876146021494342,,0,,0,,0,1
0.008533353123942032,,0,,0,,0,0
0.587049842593848,,0,,0,,0,1
0.0068501507959872615,,0,,0,,0,0
0.7148025790930336,,0,,0,,0,1
0.21050929471555122,,0,,0,,0,0
0.1363890590643207,,0,,0,,0,0
0.0804837993233243,,0,,0,,0,0
0.014054239371728477,,0,,0,,0,0
0.6181536414902176,,0,,0,,0,1
0.3645979367016459,,0,,0,,0,0
0.011113387466808924,,0,,0,,0,0
0.5959466323932432,,0,,0,,0,0
0.08612683048174383,,0,,0,,0,0
0.1935581982515264,,0,,0,,0,0
0.02506771732079589,,0,,0,,0,0
0.41382246398281114,,0,,0,,0,0
0.03611507022769845,,0,,0,,0,0
0.2739247467442415,,0,,0,,0,0
0.3363345037315174,,0,,0,,0,0
0.27597440984714366,,0,,0,,0,0
0.09186231992051383,,0,,0,,0,0
0.10398046922931056,,0,,0,,0,0
0.4024174418164952,,0,,0,,0,0
0.9030308430225116,,0,,0,,0,1
0.3267799955401286,,0,,0,,0,0
0.767201796873695,,0,,0,,0,1
0.7628640699061466,,0,,0,,0,0
0.3487691354877217,,0,,0,,0,0
0.5410972350976432,,0,,0,,0,1
0.9169233985076077,,0,,0,,0,1
0.7809507017154484,,0,,0,,0,1
0.6692800147925773,,0,,0,,0,0
0.7609231888075086,,0,,0,,0,1
0.0007513968082218772,,0,,0,,0,0
0.056763625609694904,,0,,0,,0,0
0.09012202743400517,,0,,0,,0,0
0.031047922946917345,,0,,0,,0,0
0.37907484558419935,,0,,0,,0,0
0.8466936158196152,,0,,0,,0,1
0.3798953223693372,,0,,0,,0,0
0.638710468265536,,0,,0,,0,0
0.8877121856568346,,0,,0,,0,1
0.6202503310855565,,0,,0,,0,0
0.29566972380577833,,0,,0,,0,1
0.41317696402443616,,0,,0,,0,0
0.6525606352759448,,0,,0,,0,0
0.7870572917193345,,0,,0,,0,1
0.28751475164147666,,0,,0,,0,1
0.8239137309552931,,0,,0,,0,1
0.24554317154974648,,0,,0,,0,0
0.05104127628200524,,0,,0,,0,0
0.8472986725399727,,0,,0,,0,1
0.03095917979117747,,0,,0,,0,0
0.9316028017605689,,0,,0,,0,1
0.0031472440887703097,,0,,0,,0,0
0.7488383020887716,,0,,0,,0,1
0.9066867143725854,,0,,0,,0,1
0.7842148077644063,,0,,0,,0,1
0.038131153295637314,,0,,0,,0,0
0.0032436354491341404,,0,,0,,0,0
0.45545038151479156,,0,,0,,0,1
0.9054446242973315,,0,,0,,0,1
0.772894357304794,,0,,0,,0,1
0.2806461146129675,,0,,0,,0,0
0.21539758294945113,,0,,0,,0,0
0.2235120425337959,,0,,0,,0,0
0.03619130619104002,,0,,0,,0,0
0.09492490472391993,,0,,0,,0,0
0.0858977714169812,,0,,0,,0,0
0.002837032106900817,,0,,0,,0,0
0.7759746188348327,,0,,0,,0,1
0.03482978216074598,,0,,0,,0,0
0.5503333528846628,,0,,0,,0,1
0.23219228539705675,,0,,0,,0,0
0.30088730801471225,,0,,0,,0,0
0.2505648809056651,,0,,0,,0,0
0.23071245304277435,,0,,0,,0,0
0.022823886301628203,,0,,0,,0,0
0.07489555664459499,,0,,0,,0,0
0.004697338134843644,,0,,0,,0,0
0.4785037205918015,,0,,0,,0,1
0.18494003273576182,,0,,0,,0,0
0.8435399581463919,,0,,0,,0,1
0.6556564211970322,,0,,0,,0,0
0.7271615462268527,,0,,0,,0,1
0.07505737541097313,,0,,0,,0,0
0.1981271187415924,,0,,0,,0,0
0.45640442299900597,,0,,0,,0,0
0.011104585273159428,,0,,0,,0,0
0.6018822076106256,,0,,0,,0,0
0.4007239631586058,,0,,0,,0,0
0.5954309802665245,,0,,0,,0,0
0.6943909933076285,,0,,0,,0,1
0.6978711012441272,,0,,0,,0,0
0.021490424377988586,,0,,0,,0,0
0.5874927837295133,,0,,0,,0,0
0.00378453219757383,,0,,0,,0,0
0.379606458966013,,0,,0,,0,0
0.23468149404688737,,0,,0,,0,0
0.8460582729390559,,0,,0,,0,1
0.007329818597201725,,0,,0,,0,0
0.14795554773654412,,0,,0,,0,0
0.9041551639596112,,0,,0,,0,1
0.2783573277251257,,0,,0,,0,0
0.7536329412441021,,0,,0,,0,1
0.10080508746599708,,0,,0,,0,0
0.23497011375856838,,0,,0,,0,0
0.20768001656465818,,0,,0,,0,0
0.25527832314881704,,0,,0,,0,0
0.010794007746773969,,0,,0,,0,0
0.19633377343285469,,0,,0,,0,0
0.04830235520071411,,0,,0,,0,0
0.0047255087447469375,,0,,0,,0,0
0.025597701116113182,,0,,0,,0,0
0.15682519472526057,,0,,0,,0,0
0.7169911675953389,,0,,0,,0,1
0.15290395185446098,,0,,0,,0,0
0.9371348823720679,,0,,0,,0,1
0.3727602777641284,,0,,0,,0,1
0.23122917167651152,,0,,0,,0,0
0.8818388827578112,,0,,0,,0,1
0.030244061967253676,,0,,0,,0,0
0.6310985213295714,,0,,0,,0,0
0.7292217511892252,,0,,0,,0,1
0.05074548852270679,,0,,0,,0,0
0.04542817133599618,,0,,0,,0,0
0.9022270649387103,,0,,0,,0,1
0.7718613156005983,,0,,0,,0,1
0.7028927179734926,,0,,0,,0,0
0.22135575574981575,,0,,0,,0,0
0.46205420389925755,,0,,0,,0,1
0.34904839872004073,,0,,0,,0,1
0.45706177833530914,,0,,0,,0,0
0.15554565722678299,,0,,0,,0,0
0.5145947978704972,,0,,0,,0,0
0.9389319065587511,,0,,0,,0,1
0.05835080802094206,,0,,0,,0,0
0.13173164799187717,,0,,0,,0,0
0.28012763365709514,,0,,0,,0,0
0.9230806471472789,,0,,0,,0,1
0.11346864156962397,,0,,0,,0,0
0.2775422547843277,,0,,0,,0,0
0.8873655531877425,,0,,0,,0,1
0.3849526913888744,,0,,0,,0,0
0.7517934569021149,,0,,0,,0,1
0.7432936948452015,,0,,0,,0,1
0.2891497019838418,,0,,0,,0,0
0.6079302880094997,,0,,0,,0,1
0.2843852627701658,,0,,0,,0,0
0.950774958497235,,0,,0,,0,1
0.7135667674901078,,0,,0,,0,1
0.1285345184417775,,0,,0,,0,0
0.012478705339067666,,0,,0,,0,0
0.5254947547733021,,0,,0,,0,0
0.009663989707010424,,0,,0,,0,0
0.69277123224658,,0,,0,,0,1
0.053485100206681443,,0,,0,,0,0
0.671639940241014,,0,,0,,0,0
0.11276327104937103,,0,,0,,0,0
0.509715904089538,,0,,0,,0,1
0.45751836540425944,,0,,0,,0,0
0.12555360009617242,,0,,0,,0,0
0.028948009904172806,,0,,0,,0,0
0.4957149745600291,,0,,0,,0,1
0.28958557867488055,,0,,0,,0,0
0.6063338215195381,,0,,0,,0,1
0.7718522765846776,,0,,0,,0,1
0.9137425280976537,,0,,0,,0,1
0.8239948466672168,,0,,0,,0,1
0.7380011376207977,,0,,0,,0,1
0.01669359222622815,,0,,0,,0,0
0.145682282198991,,0,,0,,0,0
0.08426703702596253,,0,,0,,0,0
0.2852200644915643,,0,,0,,0,1
0.6537478958231124,,0,,0,,0,1
0.9400906268055899,,0,,0,,0,1
0.06967032792364534,,0,,0,,0,0
0.1885553316725412,,0,,0,,0,0
0.04287869669193571,,0,,0,,0,0
0.8524468962752465,,0,,0,,0,1
0.41421678157277037,,0,,0,,0,0
0.0278633753328274,,0,,0,,0,0
0.19091076444880634,,0,,0,,0,0
0.8789608160300857,,0,,0,,0,1
0.040501835267023965,,0,,0,,0,0
0.19596742913279033,,0,,0,,0,0
0.11684407487791404,,0,,0,,0,0
0.23030062121822664,,0,,0,,0,0
0.7702634706819642,,0,,0,,0,1
0.727219565730049,,0,,0,,0,1
0.3242272646404227,,0,,0,,0,0
0.7323958187805578,,0,,0,,0,1
0.057815548866299506,,0,,0,,0,0
0.18574812443461858,,0,,0,,0,0
0.013870676593593697,,0,,0,,0,0
0.13004715344840687,,0,,0,,0,0
0.795821974269208,,0,,0,,0,1
0.8913470088814229,,0,,0,,0,1
0.8002649938002703,,0,,0,,0,0
0.682028466630673,,0,,0,,0,0
0.8215857478420423,,0,,0,,0,1
0.05403521443207824,,0,,0,,0,0
0.30312986958538973,,0,,0,,0,0
0.693249456321748,,0,,0,,0,1
0.7757456949887549,,0,,0,,0,1
0.8265992790997778,,0,,0,,0,1
0.5603545593447385,,0,,0,,0,1
0.0024648033295858207,,0,,0,,0,0
0.08519574439881158,,0,,0,,0,0
0.001444776695757521,,0,,0,,0,0
0.00684558536289921,,0,,0,,0,0
0.02465683413544422,,0,,0,,0,0
0.04441525400945191,,0,,0,,0,0
0.3886998456904153,,0,,0,,0,0
0.5743158945997687,,0,,0,,0,0
0.018808878674922386,,0,,0,,0,0
0.604580006027109,,0,,0,,0,1
0.6640147157081906,,0,,0,,0,1
0.22388299178625393,,0,,0,,0,0
0.1537949647878263,,0,,0,,0,0
0.5590491271209684,,0,,0,,0,0
0.27068528602801967,,0,,0,,0,0
0.059078884763079965,,0,,0,,0,0
0.2502722009236472,,0,,0,,0,0
0.6163988940153083,,0,,0,,0,1
0.03823300769403036,,0,,0,,0,0
0.39534121890364593,,0,,0,,0,0
0.04469845677977189,,0,,0,,0,0
0.15741790841776301,,0,,0,,0,0
0.6033789747249358,,0,,0,,0,0
0.4339173820360986,,0,,0,,0,0
0.13212176404752757,,0,,0,,0,0
0.3236660091963108,,0,,0,,0,0
0.42834867029592044,,0,,0,,0,0
0.0018272953837895779,,0,,0,,0,0
0.02922400848441471,,0,,0,,0,0
0.7960829409054919,,0,,0,,0,1
0.08562561394211526,,0,,0,,0,0
0.003421095237550941,,0,,0,,0,0
0.33806762832309023,,0,,0,,0,1
0.010229656979238043,,0,,0,,0,0
0.9292862304198893,,0,,0,,0,1
0.29585529557761375,,0,,0,,0,0
0.14446486246625317,,0,,0,,0,0
0.43826516473282534,,0,,0,,0,0
0.6526657470291822,,0,,0,,0,1
0.03205882236829886,,0,,0,,0,0
0.4885014652192945,,0,,0,,0,0
0.4029512968237043,,0,,0,,0,0
0.02679972894935332,,0,,0,,0,0
0.8514067155645428,,0,,0,,0,1
0.3155023406275835,,0,,0,,0,1
0.6139789697251967,,0,,0,,0,1
0.17168390967553124,,0,,0,,0,0
0.031872812311002134,,0,,0,,0,0
0.20939636149973223,,0,,0,,0,0
0.009687029272071932,,0,,0,,0,0
0.0057508919622397915,,0,,0,,0,0
0.008809389455184315,,0,,0,,0,0
0.011825956678864723,,0,,0,,0,0
0.463178709654541,,0,,0,,0,0
0.18997886006474582,,0,,0,,0,1
0.3765182153763146,,0,,0,,0,1
0.009616505152198859,,0,,0,,0,0
0.5312561751913736,,0,,0,,0,0
0.2300125837387382,,0,,0,,0,0
0.01563479930506848,,0,,0,,0,0
0.4976810711615349,,0,,0,,0,0
0.6920638741031591,,0,,0,,0,1
0.0095997513644123,,0,,0,,0,0
0.7600705381659573,,0,,0,,0,1
0.7874748663492538,,0,,0,,0,1
0.914919140458785,,0,,0,,0,1
0.025433397372730475,,0,,0,,0,0
0.0036846521862042014,,0,,0,,0,0
0.729343942051124,,0,,0,,0,0
0.5552874327432588,,0,,0,,0,1
0.21273300320041272,,0,,0,,0,0
0.6572683307061846,,0,,0,,0,0
0.11086427373843404,,0,,0,,0,1
0.004406960273659502,,0,,0,,0,0
0.5146691780915986,,0,,0,,0,1
0.0036436144647305642,,0,,0,,0,0
0.050345312828261934,,0,,0,,0,0
0.007354158121765134,,0,,0,,0,0
0.5456544454305658,,0,,0,,0,0
0.0931076193071977,,0,,0,,0,0
0.5218162538243803,,0,,0,,0,0
0.4216593143796036,,0,,0,,0,0
0.7310599779850702,,0,,0,,0,1
0.6204328372756662,,0,,0,,0,0
0.10534006305540153,,0,,0,,0,0
0.5435294955869863,,0,,0,,0,0
0.831932144641231,,0,,0,,0,1
0.7583113884121772,,0,,0,,0,1
0.5300213949223539,,0,,0,,0,1
0.5199935070682715,,0,,0,,0,0
0.01899303693668789,,0,,0,,0,0
0.2631059616973489,,0,,0,,0,0
0.7266384373218284,,0,,0,,0,1
0.7444455774152783,,0,,0,,0,1
0.26474458216826446,,0,,0,,0,0
0.028704524667956866,,0,,0,,0,0
0.36143298892279263,,0,,0,,0,0
0.3056377608593981,,0,,0,,0,0
0.22575940101036127,,0,,0,,0,0
0.14976650036624178,,0,,0,,0,0
0.1505069117732787,,0,,0,,0,0
0.6256051648606042,,0,,0,,0,1
0.6073282619229674,,0,,0,,0,0
0.7885215526030023,,0,,0,,0,1
0.8987633741885059,,0,,0,,0,1
0.02899249643329674,,0,,0,,0,0
0.022068609800270707,,0,,0,,0,0
0.9245396259433358,,0,,0,,0,1
0.18174476361172479,,0,,0,,0,0
0.7049317317279902,,0,,0,,0,0
0.05500358049668504,,0,,0,,0,0
0.7862182667747991,,0,,0,,0,1
0.014359379481728487,,0,,0,,0,0
0.10583278851935536,,0,,0,,0,0
0.9262637438154728,,0,,0,,0,1
0.004563831703601898,,0,,0,,0,0
0.19955661138315078,,0,,0,,0,0
0.5276568400332984,,0,,0,,0,1
0.005906461133197925,,0,,0,,0,0
0.6570985300214189,,0,,0,,0,0
0.20863868464548013,,0,,0,,0,0
0.5772290093941176,,0,,0,,0,1
0.8927318417572019,,0,,0,,0,1
0.6900286767972011,,0,,0,,0,1
0.022169005645525687,,0,,0,,0,0
0.14343237457739358,,0,,0,,0,0
0.6892555626664094,,0,,0,,0,1
0.050197416330611956,,0,,0,,0,0
0.0021660461984754154,,0,,0,,0,0
0.9387169392027293,,0,,0,,0,1
0.043911213969264215,,0,,0,,0,0
0.04185888025902338,,0,,0,,0,0
0.021163566691398215,,0,,0,,0,0
0.1921972472129601,,0,,0,,0,1
0.5750885111800593,,0,,0,,0,1
0.05950375866237041,,0,,0,,0,0
0.20617839933031162,,0,,0,,0,0
0.7535246813393843,,0,,0,,0,1
0.3616242817956376,,0,,0,,0,1
0.9352118577966155,,0,,0,,0,1
0.04019770379978409,,0,,0,,0,0
0.05055926587394981,,0,,0,,0,0
0.18946949078433115,,0,,0,,0,0
0.44444082821741615,,0,,0,,0,1
0.033300452650913595,,0,,0,,0,0
0.01430482437737082,,0,,0,,0,0
0.37750787109374784,,0,,0,,0,0
0.48405000803539366,,0,,0,,0,0
0.8047015293051034,,0,,0,,0,0
0.048024637392350314,,0,,0,,0,0
0.5743248950352654,,0,,0,,0,0
0.06751375874811452,,0,,0,,0,0
0.7121671757004919,,0,,0,,0,0
0.1927179180790362,,0,,0,,0,0
0.007859667006512638,,0,,0,,0,0
0.7164024610338238,,0,,0,,0,1
0.0013597425817823182,,0,,0,,0,0
0.7812800544241625,,0,,0,,0,1
0.7036005036777235,,0,,0,,0,0
0.33648075421479523,,0,,0,,0,0
0.15352342864721136,,0,,0,,0,0
0.8160830481588306,,0,,0,,0,1
0.3508156214777717,,0,,0,,0,0
0.0003154850869531746,,0,,0,,0,0
0.014356740492236222,,0,,0,,0,0
0.39677507296035586,,0,,0,,0,0
0.6486281369580006,,0,,0,,0,1
0.36665991912844664,,0,,0,,0,1
0.8841634078806013,,0,,0,,0,1
0.17984781335764427,,0,,0,,0,0
0.8227478149452774,,0,,0,,0,1
0.6400149147382045,,0,,0,,0,1
0.1495343183196301,,0,,0,,0,0
0.0014857447036261344,,0,,0,,0,0
0.8189880570107444,,0,,0,,0,1
0.042309692670876975,,0,,0,,0,0
0.030311854061336834,,0,,0,,0,0
0.7193910906978898,,0,,0,,0,1
0.3115561593793682,,0,,0,,0,0
0.39020716909621056,,0,,0,,0,0
0.07035737766161601,,0,,0,,0,0
0.021172339113676122,,0,,0,,0,0
0.6942217563895177,,0,,0,,0,0
0.910041436768001,,0,,0,,0,1
0.7398461850160316,,0,,0,,0,1
0.1983862367111994,,0,,0,,0,0
0.3191704768977937,,0,,0,,0,0
0.6786988826611948,,0,,0,,0,1
0.02702894956514637,,0,,0,,0,0
0.7749111635711132,,0,,0,,0,1
0.09540102277046453,,0,,0,,0,0
0.196764481256488,,0,,0,,0,0
0.19674288617515973,,0,,0,,0,0
0.9103673156008171,,0,,0,,0,1
0.842477783889751,,0,,0,,0,1
0.7210766867159181,,0,,0,,0,1
0.9349153497090554,,0,,0,,0,1
0.3727226055617711,,0,,0,,0,0
0.8604551197573711,,0,,0,,0,1
0.6434355403715725,,0,,0,,0,0
0.2986200365365515,,0,,0,,0,0
0.9075926597033279,,0,,0,,0,1
0.1356176377826242,,0,,0,,0,0
0.30753768593198594,,0,,0,,0,0
0.7189145775803389,,0,,0,,0,1
0.37714545865788207,,0,,0,,0,0
0.06638885572728562,,0,,0,,0,0
0.00677349461089157,,0,,0,,0,0
0.6383049453542418,,0,,0,,0,1
0.016118534468788217,,0,,0,,0,0
0.014535180971163112,,0,,0,,0,0
0.4173528758168823,,0,,0,,0,0
0.6643730790273595,,0,,0,,0,0
0.04900725227615899,,0,,0,,0,0
0.6021579883527222,,0,,0,,0,0
0.23752385649189592,,0,,0,,0,0
0.0004590888523802036,,0,,0,,0,0
0.6202948407551767,,0,,0,,0,0
0.1505178301878811,,0,,0,,0,0
0.00815038284695185,,0,,0,,0,0
0.947537596285347,,0,,0,,0,1
0.39053686059779597,,0,,0,,0,0
0.306082957106598,,0,,0,,0,0
0.041723395202636994,,0,,0,,0,0
0.3944295465164501,,0,,0,,0,0
0.9401134131559719,,0,,0,,0,1
0.5071060342441891,,0,,0,,0,0
0.08775171931703081,,0,,0,,0,0
0.13990211285242588,,0,,0,,0,1
0.009844397756601671,,0,,0,,0,0
0.5394974146358515,,0,,0,,0,0
0.6525477944744482,,0,,0,,0,0
0.07752339143339933,,0,,0,,0,0
0.023050875200996378,,0,,0,,0,0
0.18228751355294853,,0,,0,,0,0
0.39007016545253104,,0,,0,,0,1
0.7281374262782276,,0,,0,,0,1
0.936685571662807,,0,,0,,0,1
0.06511573341775621,,0,,0,,0,0
0.2774789921541646,,0,,0,,0,0
0.006666229100626708,,0,,0,,0,0
0.004773374697930411,,0,,0,,0,0
0.11331199726924668,,0,,0,,0,0
0.027179431278290728,,0,,0,,0,0
0.08669559219665687,,0,,0,,0,0
0.09984334769477927,,0,,0,,0,0
0.6542781877769103,,0,,0,,0,0
0.31572357380391397,,0,,0,,0,0
0.08970290942636219,,0,,0,,0,0
0.7893832901739637,,0,,0,,0,1
0.3606622955809741,,0,,0,,0,1
0.0010735151441308782,,0,,0,,0,0
0.08143189427884272,,0,,0,,0,0
0.19951251548691523,,0,,0,,0,0
0.24133188045962592,,0,,0,,0,0
0.48199637795187955,,0,,0,,0,1
0.8766144162920314,,0,,0,,0,1
0.9075625125368159,,0,,0,,0,1
0.04328249890116801,,0,,0,,0,0
0.08560866473727428,,0,,0,,0,0
0.05894401184895467,,0,,0,,0,0
0.7459500425044812,,0,,0,,0,0
0.025222323181522094,,0,,0,,0,0
0.06434165072712104,,0,,0,,0,0
0.48101735608053575,,0,,0,,0,0
0.1545067029278704,,0,,0,,0,0
0.5409691326486432,,0,,0,,0,0
0.9173047934421463,,0,,0,,0,1
0.16071893186034464,,0,,0,,0,0
0.020327284139855042,,0,,0,,0,0
0.007766270563664512,,0,,0,,0,0
0.8281069215744999,,0,,0,,0,1
0.5037965014848609,,0,,0,,0,1
0.44479710221794033,,0,,0,,0,0
0.07629378677213869,,0,,0,,0,0
0.05264511826485156,,0,,0,,0,0
0.938171838605341,,0,,0,,0,1
0.3214506516318859,,0,,0,,0,0
0.6216264537212094,,0,,0,,0,1
0.5862451177231647,,0,,0,,0,0
0.2420515670869064,,0,,0,,0,0
0.00739121372884778,,0,,0,,0,0
0.6568269383565795,,0,,0,,0,0
0.03165067722703579,,0,,0,,0,0
0.9672745735145668,,0,,0,,0,1
0.1674118189417883,,0,,0,,0,0
0.27531862677944435,,0,,0,,0,0
0.00296072836947616,,0,,0,,0,0
0.77053077962291,,0,,0,,0,1
0.012847627691109012,,0,,0,,0,0
0.22761861282674958,,0,,0,,0,0
0.18202793920365481,,0,,0,,0,0
0.43240503560346655,,0,,0,,0,1
0.19393122882160263,,0,,0,,0,0
0.30333441136309575,,0,,0,,0,0
0.7860563104082792,,0,,0,,0,1
0.17518276560172213,,0,,0,,0,0
0.020875933538112755,,0,,0,,0,0
0.5731249606183764,,0,,0,,0,1
0.7281701272897012,,0,,0,,0,0
0.7724050477190618,,0,,0,,0,1
0.7876952187084899,,0,,0,,0,1
0.26269621406012644,,0,,0,,0,0
0.7413934772504855,,0,,0,,0,1
0.014209013617083918,,0,,0,,0,0
0.4740926958036168,,0,,0,,0,0
0.3909268762303286,,0,,0,,0,0
0.09612906934685382,,0,,0,,0,0
0.0409230969981662,,0,,0,,0,0
0.18830416763958052,,0,,0,,0,0
0.6145767460956841,,0,,0,,0,0
0.9523828081038165,,0,,0,,0,1
0.9325356770520454,,0,,0,,0,1
0.24154077183972894,,0,,0,,0,0
0.7402797856501736,,0,,0,,0,1
0.531778373499049,,0,,0,,0,1
0.8089915138809856,,0,,0,,0,1
0.009518994157993026,,0,,0,,0,0
0.6197556142028018,,0,,0,,0,1
0.09449810776497952,,0,,0,,0,1
0.2316693859322383,,0,,0,,0,0
0.07906163640262978,,0,,0,,0,0
0.7103993582928506,,0,,0,,0,1
0.01342171552106004,,0,,0,,0,0
0.023013320574802217,,0,,0,,0,0
0.889655886889553,,0,,0,,0,1
0.886844370916718,,0,,0,,0,1
0.5394192055880677,,0,,0,,0,0
0.005790548748975899,,0,,0,,0,0
0.8277703088265472,,0,,0,,0,1
0.012816868426547907,,0,,0,,0,0
0.3725597654420949,,0,,0,,0,0
0.7388535960187529,,0,,0,,0,1
0.07940140197182628,,0,,0,,0,0
0.8244525803650106,,0,,0,,0,1
0.8272345964970326,,0,,0,,0,1
0.928495367909729,,0,,0,,0,1
0.3313946942883978,,0,,0,,0,1
0.07249527906612405,,0,,0,,0,0
0.03105485563874506,,0,,0,,0,0
0.06243890231948353,,0,,0,,0,0
0.3635478966102408,,0,,0,,0,0
0.5813136527536377,,0,,0,,0,1
0.24884372164781002,,0,,0,,0,0
0.21433963664033606,,0,,0,,0,1
0.010123963388267722,,0,,0,,0,0
0.014062899229307878,,0,,0,,0,0
0.07973197078389277,,0,,0,,0,0
0.6549754756540456,,0,,0,,0,1
0.2883692368505087,,0,,0,,0,0
0.7929955944109953,,0,,0,,0,1
0.12275010470773533,,0,,0,,0,0
0.8932082769239715,,0,,0,,0,1
0.16113011367618377,,0,,0,,0,0
0.36346004619640115,,0,,0,,0,0
0.09772053766474983,,0,,0,,0,0
0.03337437987970301,,0,,0,,0,0
0.8551649509669167,,0,,0,,0,1
0.27465784978114993,,0,,0,,0,0
0.4086970700826814,,0,,0,,0,0
0.25494712162780925,,0,,0,,0,0
0.33206755761388285,,0,,0,,0,1
0.11596530303256855,,0,,0,,0,0
0.5877797450912563,,0,,0,,0,1
0.8464500896405953,,0,,0,,0,1
0.5260968145159449,,0,,0,,0,0
0.8285477673611137,,0,,0,,0,0
0.29875088264377003,,0,,0,,0,0
0.03294807609635396,,0,,0,,0,0
0.000895075044445132,,0,,0,,0,0
0.22216660384740558,,0,,0,,0,0
0.40577758752091364,,0,,0,,0,0
0.010693881544922448,,0,,0,,0,0
0.76711378190228,,0,,0,,0,1
0.5726313756522696,,0,,0,,0,1
0.4241779449850537,,0,,0,,0,0
0.004066964213258319,,0,,0,,0,0
0.7652519466156835,,0,,0,,0,1
0.40881587256223345,,0,,0,,0,0
0.43860533603401236,,0,,0,,0,1
0.4299623314166977,,0,,0,,0,1
0.19840388496555844,,0,,0,,0,0
0.8447358844279282,,0,,0,,0,1
0.003154740169872735,,0,,0,,0,0
0.8330431996780854,,0,,0,,0,1
0.593537720452325,,0,,0,,0,0
0.7558894593335651,,0,,0,,0,1
0.003146272521273958,,0,,0,,0,0
0.6660529202314664,,0,,0,,0,1
0.6956635422210435,,0,,0,,0,1
0.00828223299972142,,0,,0,,0,0
0.2181786601285857,,0,,0,,0,0
0.18050326759130025,,0,,0,,0,0
0.014926250348414636,,0,,0,,0,0
0.9005833203499465,,0,,0,,0,1
0.2377950225727265,,0,,0,,0,0
0.8073182579656889,,0,,0,,0,1
0.6658188447294068,,0,,0,,0,0
0.4564022408672626,,0,,0,,0,0
0.9367292905737008,,0,,0,,0,1
0.5937091451088408,,0,,0,,0,1
0.7027612572764015,,0,,0,,0,1
0.8021460769198676,,0,,0,,0,0
0.05909469527448966,,0,,0,,0,0
0.08819504226747045,,0,,0,,0,0
0.033190170866060895,,0,,0,,0,0
0.004985941257012247,,0,,0,,0,0
0.04494393451167873,,0,,0,,0,0
0.04402562071330814,,0,,0,,0,0
0.018662961110467977,,0,,0,,0,0
0.8831784859893634,,0,,0,,0,1
0.8640260497887013,,0,,0,,0,1
0.21717032164510175,,0,,0,,0,0
0.16403187845178382,,0,,0,,0,0
0.9493842477505083,,0,,0,,0,1
0.21355224913812046,,0,,0,,0,0
0.020639983183080208,,0,,0,,0,0
0.17193555074258093,,0,,0,,0,0
0.6391621078530012,,0,,0,,0,1
0.0030531857128172223,,0,,0,,0,0
0.7142529657701282,,0,,0,,0,0
0.9243248541074035,,0,,0,,0,1
0.02590488323641229,,0,,0,,0,0
0.8550007925736909,,0,,0,,0,0
0.3171220350053823,,0,,0,,0,0
0.1897886039525377,,0,,0,,0,0
0.0032251037147779426,,0,,0,,0,0
0.12380923445965582,,0,,0,,0,0
0.788639525068124,,0,,0,,0,1
0.17770119628739406,,0,,0,,0,0
0.09799677531601636,,0,,0,,0,0
0.18358352404093342,,0,,0,,0,0
0.9260635402292223,,0,,0,,0,1
0.005706602042996474,,0,,0,,0,0
0.6765108007494038,,0,,0,,0,1
0.15769891980329176,,0,,0,,0,0
0.04703769080508425,,0,,0,,0,0
0.6697731220121976,,0,,0,,0,1
0.13749863614570812,,0,,0,,0,0
0.247999599163628,,0,,0,,0,0
0.0380222539255215,,0,,0,,0,0
0.6562737789157045,,0,,0,,0,1
0.09194902716547729,,0,,0,,0,0
0.21557266205379447,,0,,0,,0,0
0.8038488677217563,,0,,0,,0,1
0.00255831415116524,,0,,0,,0,0
0.16677380460337615,,0,,0,,0,0
0.43914521519609256,,0,,0,,0,0
0.8304015195149178,,0,,0,,0,1
0.9066193672497077,,0,,0,,0,1
0.1296110278043648,,0,,0,,0,0
0.04156696979783187,,0,,0,,0,0
0.01064281584845957,,0,,0,,0,0
0.652782640940586,,0,,0,,0,1
0.5422128378227649,,0,,0,,0,0
0.013880487802268504,,0,,0,,0,0
0.5623676590277524,,0,,0,,0,0
0.0021762968310557493,,0,,0,,0,0
0.5293345927633358,,0,,0,,0,0
0.1666315935404054,,0,,0,,0,0
0.24240352640609908,,0,,0,,0,0
0.01707689096956145,,0,,0,,0,0
0.004950012329996925,,0,,0,,0,0
0.0031831025374309597,,0,,0,,0,0
0.2795987766853208,,0,,0,,0,0
0.012519862541229543,,0,,0,,0,0
0.02034965291144982,,0,,0,,0,0
0.7700164634878867,,0,,0,,0,1
0.9709047717691235,,0,,0,,0,1
0.03650227011900329,,0,,0,,0,0
0.06085969087862134,,0,,0,,0,0
0.20644355817773508,,0,,0,,0,0
0.9403079637918959,,0,,0,,0,1
0.01755578284848963,,0,,0,,0,0
0.9585196787415493,,0,,0,,0,1
0.07465137163239019,,0,,0,,0,0
0.06288641058133007,,0,,0,,0,0
0.24301191274131004,,0,,0,,0,0
0.6214162748633449,,0,,0,,0,1
0.6611710642177485,,0,,0,,0,1
0.2393219856779089,,0,,0,,0,0
0.010362759327052096,,0,,0,,0,0
0.31034447767281764,,0,,0,,0,0
0.7659399525756294,,0,,0,,0,1
0.21209480202409225,,0,,0,,0,0
0.9143767649235462,,0,,0,,0,1
0.8912726623417775,,0,,0,,0,1
0.7638345572097759,,0,,0,,0,1
0.42746504749026215,,0,,0,,0,0
0.2070093721018364,,0,,0,,0,0
0.005055256974937683,,0,,0,,0,0
0.6534810776113731,,0,,0,,0,1
0.016258419545008222,,0,,0,,0,0
0.013727758937710352,,0,,0,,0,0
0.06101430511574899,,0,,0,,0,0
0.8426582685942371,,0,,0,,0,1
0.7674439930983572,,0,,0,,0,1
0.9162740915264613,,0,,0,,0,1
0.0026329590620337425,,0,,0,,0,0
0.24461993857703654,,0,,0,,0,0
0.038351960432354566,,0,,0,,0,0
0.07445895977376833,,0,,0,,0,0
0.008705241192708737,,0,,0,,0,0
0.9280067792224355,,0,,0,,0,1
0.008528564142757768,,0,,0,,0,0
0.3056377189614972,,0,,0,,0,0
0.012669630796701492,,0,,0,,0,0
0.12345882243252862,,0,,0,,0,0
0.04762249927100623,,0,,0,,0,0
0.42730674036713756,,0,,0,,0,0
0.884542769197657,,0,,0,,0,1
0.07628975052944188,,0,,0,,0,0
0.7088849621100385,,0,,0,,0,0
0.8819327614677028,,0,,0,,0,1
0.5457430329639466,,0,,0,,0,1
0.24093881562294023,,0,,0,,0,0
0.605655335327364,,0,,0,,0,1
0.34703064709407566,,0,,0,,0,0
0.7196538492318598,,0,,0,,0,1
0.6459811361140376,,0,,0,,0,0
0.2800974944835173,,0,,0,,0,0
0.6777137976516737,,0,,0,,0,1
0.2909977093376047,,0,,0,,0,0
0.6165647393795374,,0,,0,,0,1
0.23132876724743875,,0,,0,,0,1
0.004374246396208434,,0,,0,,0,0
0.014292765166465198,,0,,0,,0,0
0.6243567704029058,,0,,0,,0,1
0.011645688092380655,,0,,0,,0,0
0.15433111503223734,,0,,0,,0,0
0.061423249708056696,,0,,0,,0,0
0.10012491531307491,,0,,0,,0,0
0.7894540488624998,,0,,0,,0,1
0.7302318165438051,,0,,0,,0,1
0.6500888347354358,,0,,0,,0,1
0.06826139834854437,,0,,0,,0,0
0.5617094921019185,,0,,0,,0,0
0.6742198256300144,,0,,0,,0,1
0.2348741285546946,,0,,0,,0,0
0.042106798075669125,,0,,0,,0,0
0.06772485782175455,,0,,0,,0,0
0.9598364521291505,,0,,0,,0,1
0.14147787478776694,,0,,0,,0,0
0.6584607662166143,,0,,0,,0,0
0.10719319844827895,,0,,0,,0,0
0.42619093713639566,,0,,0,,0,1
0.9123916424267376,,0,,0,,0,1
0.7036958370988282,,0,,0,,0,0
0.024974754208144344,,0,,0,,0,0
0.8736131371455718,,0,,0,,0,1
0.07007752836902413,,0,,0,,0,0
0.8397977137920538,,0,,0,,0,1
0.4224272120208667,,0,,0,,0,0
0.38666967326391855,,0,,0,,0,0
0.005137118999682862,,0,,0,,0,0
0.6858929880551626,,0,,0,,0,1
0.0016231889421740656,,0,,0,,0,0
0.8825461087710208,,0,,0,,0,1
0.7439259195346246,,0,,0,,0,0
0.3980512316436687,,0,,0,,0,0
0.5282383531176216,,0,,0,,0,0
0.002715298673925423,,0,,0,,0,0
0.9242652160014115,,0,,0,,0,1
0.7072508183000025,,0,,0,,0,1
0.06586812507410028,,0,,0,,0,0
0.03569756996792962,,0,,0,,0,0
0.009558916300235896,,0,,0,,0,0
0.16986119665892968,,0,,0,,0,0
0.3063894501597607,,0,,0,,0,1
0.3224373533484885,,0,,0,,0,0
0.03955943678561191,,0,,0,,0,0
0.2476038841039018,,0,,0,,0,0
0.2229893222065386,,0,,0,,0,0
0.235501700806083,,0,,0,,0,0
0.7056984178933345,,0,,0,,0,1
0.19702872136384858,,0,,0,,0,1
0.25468833955598347,,0,,0,,0,0
0.05777824148920905,,0,,0,,0,0
0.1623274766363381,,0,,0,,0,0
0.8692278619891445,,0,,0,,0,1
0.052546915795508874,,0,,0,,0,0
0.22381161664355687,,0,,0,,0,0
0.07225959428911603,,0,,0,,0,0
0.8940412373442701,,0,,0,,0,1
0.7529538429160371,,0,,0,,0,0
0.4431638739663704,,0,,0,,0,0
0.3406599184823809,,0,,0,,0,1
0.6748749914826755,,0,,0,,0,0
0.01673840940456061,,0,,0,,0,0
0.6443602170492203,,0,,0,,0,1
0.4314952711323704,,0,,0,,0,0
0.7804405131168292,,0,,0,,0,1
0.812953255156514,,0,,0,,0,1
0.6751848676122326,,0,,0,,0,1
0.03681055387412706,,0,,0,,0,0
0.8985892604629475,,0,,0,,0,1
0.6584383911194602,,0,,0,,0,1
0.1972540866004183,,0,,0,,0,0
0.7933367065334818,,0,,0,,0,1
0.09305700683797681,,0,,0,,0,0
0.7874704760695093,,0,,0,,0,1
0.6243117843002234,,0,,0,,0,1
0.500464820712268,,0,,0,,0,1
0.41525479229494444,,0,,0,,0,0
0.11549860080307231,,0,,0,,0,0
0.6793745744277546,,0,,0,,0,1
0.03503175932297457,,0,,0,,0,0
0.12761213715857422,,0,,0,,0,0
0.3130660279884643,,0,,0,,0,0
0.8690578950002262,,0,,0,,0,1
0.018631917811976068,,0,,0,,0,0
0.007766433872666317,,0,,0,,0,0
0.1750861242000668,,0,,0,,0,0
0.7103033545877921,,0,,0,,0,1
0.870390018677733,,0,,0,,0,1
0.7338264913391175,,0,,0,,0,1
0.21355163876906724,,0,,0,,0,0
0.0022731390606482113,,0,,0,,0,0
0.9718511875504763,,0,,0,,0,1
0.012364804880009971,,0,,0,,0,0
0.796107900974127,,0,,0,,0,1
0.048426496104293316,,0,,0,,0,0
0.005286029927516524,,0,,0,,0,0
0.23602002301906447,,0,,0,,0,0
0.8647345484516832,,0,,0,,0,1
0.10331125405664039,,0,,0,,0,0
0.061195299859773455,,0,,0,,0,0
0.6613586785172013,,0,,0,,0,1
0.9016804648333624,,0,,0,,0,1
0.5614363649489068,,0,,0,,0,0
0.644736954147376,,0,,0,,0,1
0.18785790922981752,,0,,0,,0,0
0.28843012537665863,,0,,0,,0,0
0.17793583092398785,,0,,0,,0,0
0.6194262554206864,,0,,0,,0,1
0.7620310977558773,,0,,0,,0,1
0.02749152510795206,,0,,0,,0,0
0.04398549459049254,,0,,0,,0,0
0.38285673561798556,,0,,0,,0,0
0.6363084951399024,,0,,0,,0,0
0.7482144823711693,,0,,0,,0,1
0.13761424145502993,,0,,0,,0,0
0.19520250780315163,,0,,0,,0,0
0.009771746405521059,,0,,0,,0,0
0.30660876052087527,,0,,0,,0,0
0.1231666753409952,,0,,0,,0,0
