filename,Acanthosis Nigricans,Healthy
FLIP_RIGHT131_jpg.rf.0ef92bced8dacb0cd16b7f55c25a96bf.jpg,0,1
184_jpg.rf.6cfd64f7c48baa5fc2321b0f040d182d.jpg,1,0
357_jpg.rf.0e70598b0c21487649bde3c689f4c81c.jpg,1,0
121_jpg.rf.d34eaf9844d67e8ed85197db0881f68a.jpg,1,0
FLIP_RIGHT237_jpg.rf.dc79ef50ad68eeb9076bf6ec2ea46e53.jpg,0,1
272_jpg.rf.2a174215393638c949204a5f0986bf2d.jpg,1,0
FLIP_LEFT368_jpg.rf.2d16ea1a3d6e0adbe5646f658069d8eb.jpg,0,1
istockphoto-154918842-612x612_jpg.rf.61b9bc10e775aa52f91842583f8b5710.jpg,0,1
67_jpg.rf.5a83db485f0825297f5350c51359e75c.jpg,1,0
120_jpg.rf.b2d4006619b41a450203cf9fdb7e1b6b.jpg,1,0
download-19-_jpg.rf.d868fae71268e00e2933cc6538487999.jpg,1,0
241_jpg.rf.9e67512c59092456915280ae2f3ffb54.jpg,1,0
311_jpg.rf.716b43ac25cccea7461fe5ac27675547.jpg,1,0
istockphoto-114281258-612x612_jpg.rf.e2c119bc4b10212e0fb5293a37b7750f.jpg,0,1
218_jpg.rf.03b23a23e6efe35c0fdc812ada3dbd80.jpg,1,0
R38_jpg.rf.145e247673a4eddb773cb7dd888a2eda.jpg,0,1
images-42-_jpg.rf.37f349a2a7412e16a3ec72b35cfbe301.jpg,1,0
227_jpg.rf.6a12f9ca5c64b1c5f889bd5a62f6bd3a.jpg,1,0
117_jpg.rf.5fc60083f523e6fa7190f02aebf4adf0.jpg,0,1
143_jpg.rf.af81019c03196e196a9e9c1870995760.jpg,1,0
images-38-_jpg.rf.33efd671150a5ce16b55961c1c2f4452.jpg,1,0
FLIP_RIGHT248_jpg.rf.5e8c1c1a871e308b4e4fdfd854d731c9.jpg,0,1
0L1-18-_jpg.rf.010792051c693586b02cba1f572c5263.jpg,0,1
72_jpg.rf.050341ce03666bec1a6c61559f2b15c9.jpg,0,1
82_jpg.rf.16286fb184a9244473d0a3214ebf2b8c.jpg,1,0
FLIP_LEFT373_jpg.rf.1ba86426b381629f122fd503edcbb50b.jpg,0,1
R33_jpg.rf.34324dd861640dff4015b73c2ac2df39.jpg,0,1
45_jpg.rf.3ead7c3c266033784c522e86547152b8.jpg,1,0
images-44-_jpg.rf.4f54a7958492c7409a9d4e854fd76f16.jpg,1,0
FLIP_RIGHT288_jpg.rf.5681cedbd4dbef7a9fc9955bb4797f3a.jpg,0,1
270_jpg.rf.5ebe122df9bb8a96d60c61b4eadbf463.jpg,1,0
FLIP_RIGHT296_jpg.rf.662d58b0d08dc01b4e11aef6db44aa88.jpg,0,1
61_jpg.rf.6cb492dd9d35f4c0601dd37420d2eb2b.jpg,0,1
R135_jpg.rf.8b183758903b8342c9d98dfbf2494c15.jpg,0,1
293_jpg.rf.968d84af80626d93c2d8c3573ed96451.jpg,1,0
images-20-_jpg.rf.a8edff574cb32076e4ed65f27311560d.jpg,1,0
210_jpg.rf.b2906320a7a067299f0d25d4ed22fc77.jpg,1,0
R57_jpg.rf.ba9304a7d870f1c3c9e03aee047b85d6.jpg,0,1
R24_jpg.rf.bc968a626311f9bf0b41c1be14e6c3ca.jpg,0,1
istockphoto-696814034-612x612_jpg.rf.deecf32b067454367608828aaf034a94.jpg,0,1
29_jpg.rf.14450f8881684368f1fe4eda48b3dff9.jpg,0,1
349_jpg.rf.6f2abf592d41e809c4dab4b002bc5e30.jpg,1,0
FLIP_RIGHT155_jpg.rf.a5887784caab70891be56b44b8218b1f.jpg,0,1
273_jpg.rf.96a3f31ad62656299b2a8252df56e31d.jpg,1,0
images-16-_jpg.rf.bcaf9d594266219652398197627ab3e5.jpg,1,0
120_jpg.rf.948f164cb71b97b9b724830465dc1ffd.jpg,0,1
istockphoto-1271098588-612x612_jpg.rf.0548ae0843a3cf194de26a5530e36d5e.jpg,0,1
252_jpg.rf.ef9801eb2630dee2cf45dac5cb233c06.jpg,1,0
52_jpg.rf.4e35ca0d315fa4b3dc2a571a40f6a123.jpg,0,1
download-14-_jpg.rf.146c6398d02966265143eb91e5771e48.jpg,1,0
66_jpg.rf.41ba2f9af36c9c4c202a19eb30cbc73a.jpg,1,0
FLIP_RIGHT275_jpg.rf.be596ed78ea385202ffdcd21702768d0.jpg,0,1
149_jpg.rf.2574855641f30dd97385d4703735725e.jpg,1,0
167_jpg.rf.97cbabb27cd78fd26f5c9384882513f9.jpg,1,0
113_jpg.rf.ea564c84dbc9bec3a7d2bc22945e446d.jpg,1,0
FLIP_LEFT366_jpg.rf.649591be53ce04a41cb08d8fae081549.jpg,0,1
161_jpg.rf.0ab9ff6fbf4baa01857704dd1ef75179.jpg,1,0
FLIP_RIGHT257_jpg.rf.f1caac6957587caa360b0d86895add86.jpg,0,1
istockphoto-114281258-612x612_jpg.rf.e33b57a62b490d462e71ce9555ad9807.jpg,0,1
310_jpg.rf.89c510284b180358b3d3cf325d1a6b90.jpg,1,0
63_jpg.rf.99a155481bcc0ca1956595f6d55f0612.jpg,1,0
109_jpg.rf.0724ae3a66545ef4c8d9e0828b33fa3e.jpg,1,0
89_jpg.rf.13c9158ede1b74baddd94dfb6c8ecf10.jpg,1,0
istockphoto-509371990-612x612_jpg.rf.30fec9e1cd1b57637b9bd336d66fe9f9.jpg,0,1
FLIP_RIGHT219_jpg.rf.57e7951df504408139b68e42909f03eb.jpg,0,1
R142_jpg.rf.87801dd3c0e6dde4fdd29801319a6758.jpg,0,1
QJ6723893021_jpeg_jpg.rf.2bc14515a3ada2c3d52505d58088fcef.jpg,0,1
QJ6585195666_jpeg_jpg.rf.3f38470e141578e5c7cab8ec40313745.jpg,0,1
49_jpg.rf.4f04ab3c7848dcb9211ee4c74ddbad3c.jpg,1,0
QJ6450648922_jpg.rf.4f291d55c7e16d1832b290b80e3c6cc6.jpg,0,1
istockphoto-1051999014-612x612_jpg.rf.68373cfcba4851954cf2f4dd08c1ec60.jpg,0,1
R52_jpg.rf.70160b613e1800c05e8c944605f4a417.jpg,0,1
276_jpg.rf.83923bb20b62b76c6050d959e5844b20.jpg,1,0
FLIP_RIGHT238_jpg.rf.8aefae07cf5fad928c61c46923448ffb.jpg,0,1
woman-5584316__340_jpg.rf.98a524940cab84a8a1c342f39d3f36bd.jpg,0,1
FLIP_RIGHT160_jpg.rf.9a3d45dd01aa29fda9357bababe55548.jpg,0,1
R31_jpg.rf.a16907b10a2f6c8b6f24260507957063.jpg,0,1
271_jpg.rf.da11709075bd491c243b346656dbb0b8.jpg,1,0
99_jpg.rf.bd2eb39fa322e878a821e0acd9288b20.jpg,0,1
231_jpg.rf.ac30ea6a750aaaa3db862301a5a90db7.jpg,1,0
362_jpg.rf.0bea954d4158a6014447e9c95c9559df.jpg,1,0
71_jpg.rf.4b2214c3fb3c6a319d9d6a327db6079c.jpg,1,0
R13_jpg.rf.696866c34270b254a6289126db04c322.jpg,0,1
50_jpg.rf.735c9c13e0d3660386708ba6abddd468.jpg,1,0
images-79-_jpg.rf.71e12cb1b739472e186247a7897ce376.jpg,1,0
96_jpg.rf.93e015c071fed9a84a20daab1ca73a08.jpg,1,0
24_jpg.rf.47cb3195f643ca61803efb553bab658f.jpg,0,1
R65_jpg.rf.3588119bf19778e39f967dbe72f7492a.jpg,0,1
istockphoto-667341282-612x612_jpg.rf.eb41b4e6d6b4f8e614a51a5237abbe07.jpg,0,1
OFLLL_104_jpg.rf.c2fa3d15c2cc536fe3f488a91971f1bb.jpg,0,1
253_jpg.rf.7ab96411140034bd32a38d4ec050ba3d.jpg,1,0
QJ8142993455_jpg.rf.eb527380b55493a3b568e434092ebf5b.jpg,0,1
95_jpg.rf.8acb4c8366aba51a020f62d623c153f9.jpg,0,1
28_jpg.rf.0125ce6ac6f4530efcde3031927290ca.jpg,1,0
FLIP_RIGHT241_jpg.rf.2bccd3fb21d2c9d42f54ec0a77ce4b71.jpg,0,1
74_jpg.rf.32fb2c34fc4c0ab4b58bb840d47886d0.jpg,0,1
41_jpg.rf.392c66c4a44706364461e646b93646af.jpg,1,0
FLIP_RIGHT312_jpg.rf.60a6975285a7ca930d850e1d8f14c142.jpg,0,1
FLIP_RIGHT212_jpg.rf.11adc7ddebd8c54aabaf68924a4de946.jpg,0,1
FLIP_RIGHT258_jpg.rf.00ca59846a34a816d72156f74b2b1d2c.jpg,0,1
255_jpg.rf.35201b7d86300cca1a65699a8845b249.jpg,1,0
176_jpg.rf.d44abeb17bd3362d409d6f7cd0b1a32e.jpg,1,0
FLIP_RIGHT276_jpg.rf.e9e31bf488489e3223c6d993275e9b21.jpg,0,1
QJ6701097218_jpg.rf.8bfab2cdb8d559e5524e6ca6f31249d6.jpg,0,1
R4_jpg.rf.2040a09ab4b419429b199539d858cac7.jpg,0,1
R17_jpg.rf.df994544165d214ef3c1c97d009b168d.jpg,0,1
istockphoto-509371990-612x612_jpg.rf.b97afd281b82642ab1dce96c880d7359.jpg,0,1
179_jpg.rf.1fff26f44873c2bd83d171a53b8eb230.jpg,1,0
istockphoto-916653724-612x612_jpg.rf.357d9a9de80c6fcac771d28fdc29c681.jpg,0,1
R114_jpg.rf.a900366442207ebbc5e21c8a309328f1.jpg,0,1
268_jpg.rf.aac3443a4adaeb309ce78eebb4966028.jpg,1,0
in_png_jpg.rf.4ec1947df6cd0040480eec5d4e5407a5.jpg,0,1
153_jpg.rf.0e6449369b3f665141c89ddb4ca4bb37.jpg,1,0
images-74-_jpg.rf.2ed6e5e74725f268a9d7622b88eb8b5d.jpg,1,0
140_jpg.rf.51f264d9b9fb283bde56afc6321f929f.jpg,1,0
R32_jpg.rf.68d52f643c34258c0e6f9b4f47ce363f.jpg,0,1
292_jpg.rf.79cd3b4e02572f0eef383c2f1906f3be.jpg,1,0
168_jpg.rf.64af5a43352b92ca6f3c4de59e1420f4.jpg,1,0
51_jpg.rf.3dafa021505ae7685569f92844801c3a.jpg,0,1
8_jpg.rf.a7d89a1ae1ece2f860ba1e27e0e54825.jpg,1,0
222_jpg.rf.e666cb21b306c0572ca311a27438b4ff.jpg,1,0
245_jpg.rf.0352883b307b74ac8f89a9c73cabfdbb.jpg,1,0
25_jpg.rf.1135bfb6a95f184e25addb4d91c49206.jpg,0,1
134_jpg.rf.f04910c5125d00a407a7a176825d0347.jpg,1,0
9_jpg.rf.2ef8f9a2f377974a63e5061c8ba00e19.jpg,0,1
353_jpg.rf.d0780d2b6dc3ba808e1388df6cb0a711.jpg,1,0
images-77-_jpg.rf.f973a85d39f4920f58a2b7bb131a8901.jpg,1,0
istockphoto-996178468-612x612_jpg.rf.1790cd0fa726846354238d223ebb4194.jpg,0,1
FLIP_RIGHT286_jpg.rf.d1ab8583d7347dac10dab7bd695eb5d8.jpg,0,1
R118_jpg.rf.79d566afaa9d579b39100c09914b40ab.jpg,0,1
105_jpg.rf.386547fb9a3a82f4c20463c535d83764.jpg,1,0
download-29-_jpg.rf.be9258594b41d258744882c73b7f903d.jpg,1,0
download-9-1-_jpg.rf.87fcb46f36d002a04c1d0f288bc5317f.jpg,1,0
11_jpg.rf.c6ab59b1f9ae6439a8354b6ddc8f720a.jpg,1,0
80_jpg.rf.224d39f1c5240e2a81bb1f2def09c8c2.jpg,0,1
27_jpg.rf.a05501a6468dd0ec6c57be084365a8b6.jpg,0,1
images-86-_jpg.rf.86a1d120eac68879e2959c013085e2d9.jpg,1,0
115_jpg.rf.2db205447b850b74e1dbe617861d4cc0.jpg,0,1
82_jpg.rf.f664d7ed6e4f3e98ea3b3ac90b8c4771.jpg,0,1
320_jpg.rf.5568b3cf56ba0e491e8905fa8c656000.jpg,1,0
R47_jpg.rf.07099d5607c6e7d77c97d0ff3f121521.jpg,0,1
istockphoto-514779700-612x612_jpg.rf.b40ae2c149c360728d28949bb96c1224.jpg,0,1
FLIP_RIGHT339_jpg.rf.119c28ddc82f0d9df957476498f0514c.jpg,0,1
21_jpg.rf.85f42ae7bb92002437eb5b1cdbd2bd83.jpg,0,1
R106_jpg.rf.0fbdf34b2a39c1ea48e16dec87f54540.jpg,0,1
78_jpg.rf.4475809151679a25894e918470b03258.jpg,1,0
9_jpg.rf.69967ac1e93fc6e1bb21285b85975d14.jpg,1,0
R123_jpg.rf.7f27a07f1b5f52a5a6cf7b2958a3ef4e.jpg,0,1
157_jpg.rf.8a50cb98ab7e530b910a5dfec10d002e.jpg,1,0
342_jpg.rf.a3f29636604f48ab805dcf3f5ab54be6.jpg,1,0
istockphoto-1051999014-612x612_jpg.rf.8e90d4b90398fa0eb4ba1fdbdae38133.jpg,0,1
7_jpg.rf.ae49e33c99de212583de5612cc9953d4.jpg,1,0
146_jpg.rf.c4e23a9b071fbe87817844c5dd114399.jpg,1,0
R101_jpg.rf.14f758727ddd0ecfc327261ce9c631e5.jpg,0,1
214_jpg.rf.43e88adfa070bcf1a921dc7a394443c9.jpg,1,0
R99_jpg.rf.83ebbd5690f7f885d07bde5e0fdb91aa.jpg,0,1
23_jpg.rf.4ed20a172be31869e7323ac7819201cf.jpg,1,0
81_jpg.rf.a22262bf1871eba0b522578e11b63c5a.jpg,1,0
images-52-_jpg.rf.b3f233b1ffc1932431fb6bfa379bc90a.jpg,1,0
1_jpg.rf.2cb64eda5745ee9791963f10dfa94b71.jpg,1,0
88_jpg.rf.2945bcb24e6aa6daa51e6b1ff0c12313.jpg,1,0
122_jpg.rf.89651016fe085e03ef689b99ead48504.jpg,1,0
145_jpg.rf.a30dc81d249fa5d77dbf1af5a1ab4d87.jpg,1,0
103_jpg.rf.d94665f96da6056e5fce5638cfc055fc.jpg,1,0
FLIP_RIGHT153_jpg.rf.a791de6106ea6795fabd41018b866393.jpg,0,1
R151_jpg.rf.e8ccda8f51df32df4fa883ab70a3df61.jpg,0,1
neck1_png_jpg.rf.4fc4868185d17ace952c4d09a9faf27a.jpg,0,1
41_jpg.rf.a61905416e74a7527ed164cbb28fdcde.jpg,0,1
FLIP_RIGHT222_jpg.rf.21b379490283efd79ebe1c1f05d95c33.jpg,0,1
282_jpg.rf.49274a1d6a6e37de275cb7bb973beb48.jpg,1,0
OIP-8_jpg.rf.2344664b4995155b03bcd464e0626771.jpg,0,1
QJ6131332804_jpg.rf.7bc0238c66484a6ac32083094943b9eb.jpg,0,1
images-48-_jpg.rf.ea888a36e8496af8c6e429c5ff208ad5.jpg,1,0
QJ6986021478_jpg.rf.981230f77406e3a7e18e8eb810035298.jpg,0,1
297_jpg.rf.dd5c31b19159280c7f5b3d82bb693c18.jpg,1,0
0L1-28-_jpg.rf.e06e17b3b320eed5578258f7fbe82bf1.jpg,0,1
275_jpg.rf.643478978fe0d844be62b66d6fa2c5a6.jpg,1,0
istockphoto-1271098588-612x612_jpg.rf.c6eb25acf4ef194f12e59d335312edc3.jpg,0,1
R53_jpg.rf.6ee5b97abc6f9fa8964f17de50b102b6.jpg,0,1
FLIP_RIGHT236_jpg.rf.b0a27718594963aaf7f8ed80a7b5f985.jpg,0,1
20_jpg.rf.3c3919b6e5352470430524766a042910.jpg,0,1
OIP-6_jpg.rf.d373e188fde687d7685d061ca6bb53db.jpg,0,1
185_jpg.rf.e71a1f3fd4b3fd26d11918e51d0de168.jpg,1,0
images-49-_jpg.rf.94bc7100148e0d599bfc82b99a10532e.jpg,1,0
FLIP_RIGHT152_jpg.rf.d7efb58855218a8530986a7b59816d9e.jpg,0,1
images-73-_jpg.rf.db307919f27d05262c75f17b4ea3d63f.jpg,1,0
images-33-_jpg.rf.408b3af3c6597d857d96e60d40de1f94.jpg,1,0
FLIP_RIGHT246_jpg.rf.461f23ebfb6b191c420156a6a3f0c30f.jpg,0,1
images-2-_jpg.rf.2fc762c5f15c0c2f256cc62d336d31e9.jpg,1,0
FLIP_RIGHT229_jpg.rf.6b4584a2c42f53bd68c4dcd37e3610bd.jpg,0,1
R30_jpg.rf.e18aa35e314271e31016dc6d701c7936.jpg,0,1
FLIP_RIGHT210_jpg.rf.c8cf71ad0fed1808b539c14e5e8ab082.jpg,0,1
images-70-_jpg.rf.e95fe9d55c2e070512348d1293cc0002.jpg,1,0
OFLLL_140_jpg.rf.a2388e13fdd5e7e9d5bcba6241bfa0ab.jpg,0,1
55_jpg.rf.f0c424e846d639f3bc3a719b5f71a45e.jpg,0,1
istockphoto-509390625-612x612_jpg.rf.58b3e2d26d0d9d5b442913cef14965e8.jpg,0,1
326_jpg.rf.5686384185d2bdb5db2493b3487321be.jpg,1,0
234_jpg.rf.a03f2ebe4eef5052c44fd8990ea8c837.jpg,1,0
images-3-_jpg.rf.73e2b009769bbf4d2e5f4870a094a662.jpg,1,0
istockphoto-154918842-612x612_jpg.rf.8d29d3e0b735de893e384c7619459f0d.jpg,0,1
173_jpg.rf.17a2582c8c1eb687bd0e334be9b3c688.jpg,1,0
64_jpg.rf.3a787a63b359ef4c0ac88a46ca7de8b2.jpg,1,0
90_jpg.rf.323064ce097131d419b7d5f56e112eae.jpg,0,1
317_jpg.rf.5d6646456a413bb28928c1c3f9ececf8.jpg,1,0
223_jpg.rf.8d86b9404259c8a3eb3d3c1816d48269.jpg,1,0
39_jpg.rf.e250b7bce8a6754c11346d2c5b434938.jpg,0,1
QJ6798677153_jpg.rf.252f39eaeb1da51ff8549ed50af57303.jpg,0,1
47_jpg.rf.894b54ee7b410bba0f4205c9cff7142b.jpg,0,1
FLIP_RIGHT303_jpg.rf.8a003d47ff52a78fa790fed7128ca892.jpg,0,1
26_jpg.rf.d28579aa7e146536d32d5a700ee88c1c.jpg,0,1
87_jpg.rf.834c201c5fff55522afdfa7f2824b5b4.jpg,1,0
257_jpg.rf.d62489b5fe659f3053c77c54fc542642.jpg,1,0
79_jpg.rf.eee367177bfaab0a4b02f1cd06a105f1.jpg,1,0
325_jpg.rf.b16a876fb6975b3c2a1abd62a9f0e3d2.jpg,1,0
FLIP_RIGHT305_jpg.rf.6bd3c9dd539bb8a6adbf540cbc9943f9.jpg,0,1
download-12-_jpg.rf.1527e936e02ac9efe5f2d30b641c889a.jpg,1,0
2_jpg.rf.9bcaf1ec305332bad872b9eab68428b5.jpg,0,1
R44_jpg.rf.d46eab3c178b13d2bcb3b0d2657ae648.jpg,0,1
14_jpg.rf.b775895e8f3ff3763b9d9d6eb8355eea.jpg,1,0
R42_jpg.rf.ea2620c5d48551299d4c9ef91a7cc878.jpg,0,1
324_jpg.rf.35ced97fdbbb081aa15ad1f27d78209e.jpg,1,0
119_png.rf.454daa04cda94a4d1f935374c9047c24.jpg,0,1
QJ6355904773_jpg.rf.6cf30300da08c104decd0a8cf0ba947a.jpg,0,1
137_jpg.rf.14a4274f49ac12b16764d9b57ad989ea.jpg,1,0
istockphoto-509390625-612x612_jpg.rf.22768f0ac646024c9c3dca39063dc7e7.jpg,0,1
285_jpg.rf.414e7e4f5f5e970b3b96aeda753bc9d2.jpg,1,0
istockphoto-1191856616-612x612_jpg.rf.4b670bc14154979527fce27797bd5651.jpg,0,1
images-83-_jpg.rf.499c92019f3493675d6a039dcba472b6.jpg,1,0
256_jpg.rf.95ac292791312d74ca0e0ad83506e899.jpg,1,0
OIP-11_jpg.rf.e5ffe20d99591f558701911a8ca03f35.jpg,0,1
81_jpg.rf.b7a9a3bd8d6fee0737c103027bf2a7eb.jpg,0,1
23_jpg.rf.f09ff2429991e3c82520c795f85d94ab.jpg,0,1
R147_jpg.rf.f56a274612276a4a7c0c6a726bedaa69.jpg,0,1
169_jpg.rf.1914503f7f6273b4ac7b9c3663b08c2c.jpg,1,0
R69_jpg.rf.b38553eabf990c6519aca9372e008fd3.jpg,0,1
286_jpg.rf.d0bf7f867e3221301178b975b92bf668.jpg,1,0
QJ6768240710_jpg.rf.c405d176f10e79e46c99b4a7e8fd95a1.jpg,0,1
images-89-_jpg.rf.d0da19d7f5e03ed68b8b5a317f6cba70.jpg,1,0
4_jpg.rf.7e609f9a754df2ed38c7c3353365e679.jpg,1,0
images-95-_jpg.rf.fd1fd0b3b76b8e924ba696730d9e1abe.jpg,1,0
R25_jpg.rf.4b092609ee7114338e339fadd73296b8.jpg,0,1
images-56-_jpg.rf.56b8958c1d2f2e824a0526113491dbc7.jpg,1,0
QJ6291741993_jpg.rf.8dbdd83ff0ad15b311481eb82e8b07f8.jpg,0,1
OIP-2_jpg.rf.097ccaf55765e20e2815966e06138008.jpg,0,1
images-75-_jpg.rf.44896c9c8d05f8543513a4fbd8b140ea.jpg,1,0
207_jpg.rf.522d4058cdb7a32308872aa23226bd50.jpg,1,0
FLIP_RIGHT309_jpg.rf.14ee8e40f3d3e39bda6f8f8f7bfbece0.jpg,0,1
296_jpg.rf.aa3552a93b322bc656a66e84a4cd8870.jpg,1,0
177_jpg.rf.e14771a07eec5a7ddcbaebcec9548821.jpg,1,0
FLIP_RIGHT253_jpg.rf.ac41defa1bf09043f2d8bfa78276b0d9.jpg,0,1
istockphoto-155378082-612x612_jpg.rf.6042321ea2043f94beda22459c2f70df.jpg,0,1
53_jpg.rf.8be0169c5f6ff53b00dfc440cc4e7b7e.jpg,1,0
OIP-1_jpg.rf.38720292b55776ac182da1a23aedbb3a.jpg,0,1
369_jpg.rf.488c10330fd08c965bf1158b0afc34d0.jpg,1,0
65_jpg.rf.34f8004f35393fdae9fd6ec2aa67b98a.jpg,1,0
281_jpg.rf.3ea794222b0adf302bab26833529df11.jpg,1,0
163_jpg.rf.bbf1c6c26dd2a75d9dc5a473624bdf7c.jpg,1,0
12_jpg.rf.caebaafd34ccb713c224358c3ce0b416.jpg,1,0
R110_jpg.rf.d7e54d8e514d227809fcd30321a9d090.jpg,0,1
209_jpg.rf.4be1fef111b9f26ff5530b4fa63779c9.jpg,1,0
R144_jpg.rf.c8d8dec577da936510200dc8379b93c3.jpg,0,1
181_jpg.rf.40775c53afe4d210e3677036f0eea6e5.jpg,1,0
315_jpg.rf.eea76897a2985eb6ef674f95ef0618bd.jpg,1,0
131_jpg.rf.273e39e6051c879e9875d13757756b87.jpg,1,0
neck_png_jpg.rf.3757f9394cb99f4996f244821530a782.jpg,0,1
R18_jpg.rf.3825a5aa610ea654f686ce63ac3e7a94.jpg,0,1
136_jpg.rf.55ee488f42d3eb9458d5fd25b3893d9c.jpg,1,0
QJ6291741993_jpg.rf.36863b834d92b363abe0805196247968.jpg,0,1
48_jpg.rf.16693486bc38e257164be8d57c9bcc7a.jpg,1,0
372_jpg.rf.19e50194da97cb3322766c1da758c285.jpg,1,0
5_jpg.rf.e6d51fd5e1901cc1ee29b6b1249dd186.jpg,0,1
images-57-_jpg.rf.4e1598cb8627a88db8d50c03474c43b9.jpg,1,0
244_jpg.rf.648b5fb5d940d32679afff5692b19c6d.jpg,1,0
147_jpg.rf.1df4f6c1612fbdc096d48dd6135fbb8e.jpg,1,0
OIP-9_jpg.rf.46cff36cdd2c30346541509146c8745e.jpg,0,1
images-6-_jpg.rf.91011ebd9c03b62fba6d023882529c0d.jpg,1,0
261_jpg.rf.ac4578e3f14aae6811a03e75a4afa3e5.jpg,1,0
images-28-_jpg.rf.ef0d2d8c5a1c3d8eeedd423a3a9f5513.jpg,1,0
208_jpg.rf.85c430ec4e70e685099d7344b9066655.jpg,1,0
129_jpg.rf.37f972a2dc5bfe97ffb7ced8e5b7b478.jpg,1,0
58_jpg.rf.825904b9352e8d2f9e87200153979a49.jpg,1,0
31_jpg.rf.c99ad5f9055d031a6a643fde4c6e1239.jpg,0,1
18_jpg.rf.324b2a9d8af49c5db9c786872e7a67b9.jpg,0,1
32_jpg.rf.6bef61cb6603fcf73872325ff04f5636.jpg,0,1
107_jpg.rf.d6104ad50a89f355f58523d348be6c86.jpg,0,1
45_jpg.rf.db12cf6751001f3bed8db3e7e0708dd0.jpg,0,1
289_jpg.rf.1eab1a0b8a453d0c1ccd601667c913d4.jpg,1,0
62_jpg.rf.381c3338b2f6c83aeb1c95a6d64d0d8e.jpg,1,0
FLIP_RIGHT341_jpg.rf.14ce59765562533d6b58451d8fce5a20.jpg,0,1
istockphoto-157641679-612x612_jpg.rf.1f0b2a500fefdbe6ee3a5e4e9b60f2d8.jpg,0,1
84_jpg.rf.6e5af429b0163223d3e37fde706a8722.jpg,0,1
images-30-_jpg.rf.b212d1090394bfaf8857194cc97e66fa.jpg,1,0
294_jpg.rf.dc230093fdf31fffd2cadb324f76fdb5.jpg,1,0
images-39-_jpg.rf.7303df996e3f9f384966311f9bc65fb4.jpg,1,0
neck3_png_jpg.rf.a84212ddc5ef8ab92af5150f05cda7ea.jpg,0,1
300_jpg.rf.761e3b28d7f3f58053abf1a0ec9f2a76.jpg,1,0
262_jpg.rf.7ec46d846093a693132c5efb214d4ba3.jpg,1,0
24_jpg.rf.7184f7b72b3eeab421e090b980cc8b36.jpg,1,0
374_jpg.rf.4b0367d53e6815392a4b45d255bea4bb.jpg,1,0
170_jpg.rf.a70dc19971ccbc3fc1c7ab45ae27c72c.jpg,1,0
FLIP_RIGHT185_jpg.rf.d52295bf7611a66cab5fbded69dec836.jpg,0,1
22_jpg.rf.0f05b042005e66a822e8fc6ada2da5a1.jpg,0,1
download-7-1-_jpg.rf.9552e82c2a953e7f4f7eef94f42aeb48.jpg,1,0
images-55-_jpg.rf.092bfed3e687dbad1158b504598c4fec.jpg,1,0
33_jpg.rf.706e7fa8f0622e373595faddf36f10d0.jpg,1,0
94_jpg.rf.7fe49d11af74b5d4915e03c6f3a4dbb8.jpg,1,0
FLIP_RIGHT201_jpg.rf.2e9a79625fa6310f5b9a96b746552335.jpg,0,1
R63_jpg.rf.bd1aba002fe43cd452af051969c864ef.jpg,0,1
istockphoto-1147152478-612x612_jpg.rf.d2ee0bc68dfc9d36dba567b6d300a89d.jpg,0,1
images-43-_jpg.rf.765a317c4cef2458c11e47788731a748.jpg,1,0
16_jpg.rf.c2d499694466b63f94c9233a00e06716.jpg,1,0
istockphoto-157641679-612x612_jpg.rf.267da56d87404ed8e34488848ed7a96c.jpg,0,1
267_jpg.rf.b9ee930d5b28c39844f74cd0e1bc9068.jpg,1,0
36_jpg.rf.473558e66fc42faaa1c7a424b81bb097.jpg,0,1
312_jpg.rf.3384924d88b92424f2d63ebb8cfe2841.jpg,1,0
308_jpg.rf.21ab98b37a2248262fe16a8e60fd6202.jpg,1,0
FLIP_RIGHT191_jpg.rf.99c0627e14197c7241d9871ea2c6d713.jpg,0,1
59_jpg.rf.576511d3efc74194f4ce8f06de4a4627.jpg,1,0
42_jpg.rf.46f425a17f7c74fde278adf54fc65028.jpg,0,1
125_jpg.rf.5274bacb11c7b31197378f30cdfcc72f.jpg,1,0
istockphoto-1344725117-612x612_jpg.rf.5b768958cedc9fcd66d58288216c4ec5.jpg,0,1
135_jpg.rf.1c66eb8108cd17a22cacc9309745f5cb.jpg,1,0
239_jpg.rf.4b54f3b817806d14a6826cd5822d024e.jpg,1,0
R130_jpg.rf.fa5d671a88c15e5b141822ca2161c4b1.jpg,0,1
88_jpg.rf.62428cb2f556aa8a4433647ab85361ce.jpg,0,1
FLIP_RIGHT235_jpg.rf.cafdc4344ad866e1d0ff1c23e553a204.jpg,0,1
70_jpg.rf.8907fb0b816910aa8e20c2805abe2863.jpg,1,0
FLIP_RIGHT284_jpg.rf.59ca0f77a81acf121ad6c6df02e2166e.jpg,0,1
57_jpg.rf.de92c426f42fb2f413128ceaa463f388.jpg,0,1
images-63-_jpg.rf.0328e00087aa65d72acbebeeccf25959.jpg,0,0
FLIP_RIGHT220_jpg.rf.ff32098ca74202837a3efd9ddf200064.jpg,0,1
images-61-_jpg.rf.bfa64296cd5aba0612ca6ef5295e8d92.jpg,1,0
FLIP_RIGHT102_jpg.rf.58f59e6d5b82dd531fa039a07f9b1208.jpg,0,1
QJ6969266335_jpg.rf.2f5ed4e702115ba3aa39287444626304.jpg,0,1
202_jpg.rf.ffdc806eb511d52679851792ee24d44c.jpg,1,0
FLIP_RIGHT190_jpg.rf.3e9fbd84acf341b37c155403151a1989.jpg,0,1
R11_jpg.rf.77b62120ecccbe0020c11c3c0373d4a3.jpg,0,1
images-78-_jpg.rf.b741bd5064684b267b57d6c31ec3e31e.jpg,1,0
images-37-_jpg.rf.ca111e7b1ad5f490a0c5e70bc4057908.jpg,1,0
FLIP_RIGHT266_jpg.rf.d8609e61e51464ac525f647f6e890ec1.jpg,0,1
32_jpg.rf.54f11fc2c39573c78c61618d05fe8642.jpg,1,0
116_jpg.rf.5285110aa28e6e3c183b2df9de50dd03.jpg,0,1
FLIP_RIGHT337_jpg.rf.640d0474e63160bec5ffdd06f48c716f.jpg,0,1
FLIP_RIGHT211_jpg.rf.85acb70b0d114df40d6fe0ff65b0303d.jpg,0,1
54_jpg.rf.5df7aa66a73d1f7499f6608fb648ab0f.jpg,1,0
242_jpg.rf.6d0ac9ec72f0bcc6e14838c05ee02d8c.jpg,1,0
12_jpg.rf.83a7a3b342df20cf4592cff82725b809.jpg,0,1
R29_jpg.rf.f4238392edc0c0b347de68ff77be53b5.jpg,0,1
73_jpg.rf.5e3564de95e208f85152afda1cf1d14a.jpg,1,0
265_jpg.rf.d94a23f2b23cd2b02a6a858eb72fd7f0.jpg,1,0
288_jpg.rf.16f62b8db3575d1d8e3eec4c95357bce.jpg,1,0
110_jpg.rf.5933044bfdb01e21cd91c0628b30d253.jpg,1,0
images-51-_jpg.rf.c44526041e08dc3a11568ca445a699e3.jpg,1,0
108_jpg.rf.32de46fda2d3b8ef16beeb4e8307749e.jpg,1,0
FLIP_LEFT371_jpg.rf.a6465d0400c60dda33516536da36bea4.jpg,0,1
images-54-_jpg.rf.ee37213a917b5dc6178110b25a881dd0.jpg,1,0
0L1-23-_jpg.rf.6be4fdd78dfebc8a7a6d48e37a558e94.jpg,0,1
FLIP_RIGHT161_jpg.rf.1e846823b78c5539bf8b129fe9b11d66.jpg,0,1
133_jpg.rf.40292590ab786aa9b1c27a47c9049df5.jpg,1,0
60_jpg.rf.b4edcaeb4b1ffee20b80455941dfe252.jpg,0,1
197_jpg.rf.0fe4e3f0e7cafb9d3e90e437a9611c57.jpg,1,0
69_jpg.rf.2b3c161b23466d61d49d1dac5c4e0184.jpg,0,1
158_jpg.rf.a27258c40096e826e484226ae5273584.jpg,1,0
216_jpg.rf.fab594941872ea88ae990a0190ab695b.jpg,1,0
istockphoto-1183831120-612x612_jpg.rf.641894ce5dc77f1577801397de7db6f3.jpg,0,1
77_jpg.rf.a4819035220ccfb3f6881176d273eea4.jpg,1,0
images-24-_jpg.rf.1b9de067b2a84c0a77cf8134d80b4ce3.jpg,1,0
6_jpg.rf.1864a64a7fb56e9c78410d102dc00211.jpg,1,0
291_jpg.rf.71f20cfb1516978c872f615aeadb015d.jpg,1,0
images-99-_jpg.rf.285ed4c3d025e86caca70c37102857d0.jpg,1,0
R54_jpg.rf.3a20f3896daf786d686aeb5d484624b5.jpg,0,1
199_jpg.rf.b2e3fdcb73a36c3e44fdb6be19539792.jpg,1,0
istockphoto-514779700-612x612_jpg.rf.d09f8f8119113329153bbcd8204fb74c.jpg,0,1
72_jpg.rf.e784bc054e6f6cccf23ae26824e72ccb.jpg,1,0
17_jpg.rf.4e659b7644f78184dced37ab2c3d4ba4.jpg,1,0
neck1_png_jpg.rf.07bc67037b49a4b1e36eb42c474ee292.jpg,0,1
R34_jpg.rf.248f8760b65e960246b0545203765dfe.jpg,0,1
istockphoto-667341282-612x612_jpg.rf.4322ee234b14c6ec4550e95a33f75e68.jpg,0,1
44_jpg.rf.98bed1fd062cd76166cdfca41e27c96b.jpg,0,1
istockphoto-841902682-612x612_jpg.rf.a5ce1c0743665161c3269e4d1aed01a3.jpg,0,1
192_jpg.rf.32bb69ae29eccdfcc7054c48d165e67f.jpg,1,0
5_jpg.rf.b9574970c81d6b0ecd75860062ed741d.jpg,1,0
OIP-9_jpg.rf.c45ce47d6c17297cf2bafca6ae586e38.jpg,0,1
13_jpg.rf.4d59de3477b7a5bf048df8d3a256c19a.jpg,0,1
istockphoto-181065083-612x612_jpg.rf.0b6e35d2b42b6144f22cc5b5c088dc7f.jpg,0,1
QJ6230294743_jpg.rf.595c56bce396cfe1ce8aebf7244fd5a2.jpg,0,1
OIP-1_jpg.rf.1a789fad508a965ea80ef43f9992d0cb.jpg,0,1
R77_jpg.rf.0d24e999c72ff83486f8f838ad7d960d.jpg,0,1
240_jpg.rf.e0065cfa10f2efffbf8a9a822e3a2f74.jpg,1,0
110_jpg.rf.bb9c7c0df42d033097d8e37d7c91499d.jpg,0,1
46_jpg.rf.c66037043047be9cbd232a1277f35e2b.jpg,0,1
istockphoto-916653724-612x612_jpg.rf.210c6480d20f6c450f6bf7f423e93b5a.jpg,0,1
images-45-_jpg.rf.7af4314ea9d49c78cbeebae319dc0273.jpg,1,0
347_jpg.rf.90e482e393722910b6af18aed3943980.jpg,1,0
OIP-8_jpg.rf.7ee84c65363db10b41654ada1f431c84.jpg,0,1
QJ8142993455_jpg.rf.60d5d4da15d2bbae41d4d173f6fd614d.jpg,0,1
images-64-_jpg.rf.f20834ddf46cb5a658689f62dc939077.jpg,1,0
17_jpg.rf.944acc951912d595934f11a072ed695f.jpg,0,1
119_jpg.rf.f028b3f877be02461edcc4f6a0dd58d0.jpg,1,0
266_jpg.rf.11928f3e3a34e14706caeb845b9033f6.jpg,1,0
73_jpg.rf.0c5f9d9d9165697ffcd8cf74d9fa5296.jpg,0,1
R113_jpg.rf.c2d5dbd963a2e12bcf1d5032e9c8e4b0.jpg,0,1
FLIP_RIGHT168_jpg.rf.11dfa0a86aa5028041a98a541103579c.jpg,0,1
FLIP_RIGHT317_jpg.rf.64a24aeabac6ba00da95ed2b6c929b11.jpg,0,1
R124_jpg.rf.c92d9b3269cb76b24fe88348a41ff2f4.jpg,0,1
R109_jpg.rf.b6d92af4b5a8dfa9e7d559f946c2fe60.jpg,0,1
OFLLL_103_jpg.rf.cdf15757e48559dcbdda4c6b3b9b1ceb.jpg,0,1
istockphoto-1149219360-612x612_jpg.rf.cb17b5d5bc54091813dae33c5940d65a.jpg,0,1
39_jpg.rf.965b262c91b7fde84623400ee3c43e31.jpg,1,0
306_jpg.rf.c294d8d4ca4dbcb6b0966b7eb0448f16.jpg,1,0
36_jpg.rf.2c066e988fbc524810b6b1d16fdf308a.jpg,1,0
49_jpg.rf.5370949fe691c441fee623c1f748511f.jpg,0,1
OIP-6_jpg.rf.982d45126299d36866268611f919cf41.jpg,0,1
50_jpg.rf.a27a80c8a13629a50b0592d05f96032f.jpg,0,1
FLIP_RIGHT292_jpg.rf.c5d3f634a2d1c23b5e1b6d5267ad69e4.jpg,0,1
327_jpg.rf.1024b5380f113cf06d5da85a60f27c18.jpg,1,0
images-12-1-_jpg.rf.13f0fa27f09242c9d2da1de1228a08cf.jpg,1,0
istockphoto-1149219360-612x612_jpg.rf.7a2b35f414e5c3c90ae4ab177cbee134.jpg,0,1
FLIP_RIGHT336_jpg.rf.44cc67fe728ec7b72be0c5ed3eb12307.jpg,0,1
R8_jpg.rf.ed419414c7b470e5dd22e1849fe60a43.jpg,0,1
R81_jpg.rf.2999836baa6e9716794ce28f744bea53.jpg,0,1
141_jpg.rf.ff57b76502c10e3798fb8573f424865a.jpg,1,0
130_jpg.rf.1e0bda0a0427457f7daf15c9a72b84d6.jpg,1,0
98_jpg.rf.bef15c89884cd6953f99b1c07ba77043.jpg,1,0
istockphoto-626215076-612x612_jpg.rf.1e496382813197efb8046645c392e489.jpg,0,1
images-1-1-_jpg.rf.5c5694bc66f5d407d5c6e451e9bde9b8.jpg,1,0
144_jpg.rf.70917706e27151822a1427e0f21aa48d.jpg,1,0
FLIP_RIGHT189_jpg.rf.bcc3417217f474e660246fd0bf86f8e3.jpg,0,1
R105_jpg.rf.364cf0c213baf3175f22a1231709ff8e.jpg,0,1
284_jpg.rf.108fbb3b1624059785f36b6d1bebfba2.jpg,1,0
55_jpg.rf.f9619eca89fd4c3d12bbde5d137679f9.jpg,1,0
R145_jpg.rf.0499fad9b606d8f67aea3300fe94aba6.jpg,0,1
15_jpg.rf.d4a7b62e16e4855a5efecab38f2d0d0c.jpg,0,1
R7_jpg.rf.54aa4092afe81dcb847bac3548ffaa4c.jpg,0,1
22_jpg.rf.6e0c77f642b880ab5c18af87454c42af.jpg,1,0
27_jpg.rf.0eb546a5e7ae413b032e37049de6d76d.jpg,1,0
images-100-1-_jpg.rf.7d8e608cd1ea4ade1a18ac3d2fcc56ef.jpg,1,0
R67_jpg.rf.5b0e38b72fa2e7aa1130851187edb21f.jpg,0,1
FLIP_RIGHT314_jpg.rf.e65190eb7ead1d30e7f34ed7d80a60b0.jpg,0,1
istockphoto-1200158434-612x612_jpg.rf.e7608652be0b5fa1befc2639adf6b1f6.jpg,0,1
97_jpg.rf.770cab0e343e6b9c2288f35acde78237.jpg,1,0
127_jpg.rf.f398d5d8c0ab7a27dd3deb7af58f2eaa.jpg,1,0
283_jpg.rf.2d7331d432ffb6a5b36916389190cb19.jpg,1,0
361_jpg.rf.55bf75850d59a082541bd9a384848afc.jpg,1,0
R78_jpg.rf.5252e3903846ebecab2de369e6e3c818.jpg,0,1
R40_jpg.rf.f0810c2bde9bd27143cba1e86754d1d4.jpg,0,1
images-14-_jpg.rf.a1e39b58640bbb5a1e122bf3e1c7be8b.jpg,1,0
images-31-_jpg.rf.d4c30f2fa7539ad428efd1ab0fcf1bf2.jpg,1,0
istockphoto-157432902-612x612_jpg.rf.3785fed3414d48286bbc69de3ae0d51d.jpg,0,1
istockphoto-626215076-612x612_jpg.rf.418b415246676b752d3066a27e7415f9.jpg,0,1
318_jpg.rf.9615f246470b846c6754d33a8904a2a4.jpg,1,0
34_jpg.rf.2f6cbb2193809138fcc2c0946e839183.jpg,0,1
R87_jpg.rf.89fba23fecaaa810cdfffa59930a4594.jpg,0,1
15_jpg.rf.7d1d7934194782502624384c47ab00a0.jpg,1,0
19_jpg.rf.a034c1a17c7dae4761f393e9698ead4f.jpg,0,1
FLIP_RIGHT345_jpg.rf.b7f960f787f63f3e6c1d048273e412dc.jpg,0,1
114_jpg.rf.abc1203e12ba39dc15e175774cf5fcef.jpg,0,1
313_jpg.rf.fd4bb5ca19f267871c14bbd9f307f9a2.jpg,1,0
FLIP_RIGHT338_jpg.rf.70ac3fd4f2a8cbe8b365eebd26866b36.jpg,0,1
FLIP_RIGHT221_jpg.rf.80341e1a497fd23828d05a206675cc91.jpg,0,1
304_jpg.rf.1223bead8e87d265e708ad9e7ba1a53c.jpg,1,0
186_jpg.rf.0a1646394d0851a6f1881591f128a3a4.jpg,1,0
istockphoto-1267278916-612x612_jpg.rf.f9b4bc1ada0ae3c0474b00314268eb52.jpg,0,1
FLIP_RIGHT260_jpg.rf.ffe5d0b3e14557d1c64d9b1f88027b21.jpg,0,1
85_jpg.rf.4185b976b8aeb15c4d4508247af4fc59.jpg,0,1
95_jpg.rf.9852e312c75c3d402eae404f82adf82a.jpg,1,0
235_jpg.rf.00b05370d1f7db4067934fb7eddba668.jpg,1,0
20_jpg.rf.3e2596a86281d56f06165d6bae705b9a.jpg,1,0
istockphoto-1138382116-612x612_jpg.rf.850c8c0656d0f2dd89637dc3f36a8e0b.jpg,0,1
FLIP_RIGHT344_jpg.rf.4ee5c88e33a77946c85e519d90b085f1.jpg,0,1
76_jpg.rf.a57f8267a5856b5feba4010a119c3113.jpg,1,0
QJ9122718274_jpeg_jpg.rf.d546a31260cce44dc2d7e9430d461296.jpg,0,1
190_jpg.rf.72c99aa73d15d255f6930fac9adbfe7c.jpg,1,0
QJ6387244508_jpg.rf.467ed4ae65edd82612331a513fd51715.jpg,0,1
FLIP_RIGHT186_jpg.rf.8ac0e6105a83ab9b4c8887e497966ad8.jpg,0,1
19_jpg.rf.0f7e62254939a63b68d8a7dbd7231371.jpg,1,0
118_jpg.rf.01952ef150887f835b1cf30ca41f5d0e.jpg,0,1
4_jpg.rf.9a793f7b6cc5f263e7b438d3f4e41d18.jpg,0,1
287_jpg.rf.c419dd5de66088fe305f721ffe6b9c6c.jpg,1,0
212_jpg.rf.b2ce2aad2f317516f732b9af5e83f9aa.jpg,1,0
77_jpg.rf.e00a2d7fd3e4b2a0e0f3b4044d5e76db.jpg,0,1
istockphoto-628791310-612x612_jpg.rf.a25079fefa95dc1fdf257f7f1b85d046.jpg,0,1
images-97-_jpg.rf.3a911da466ab8624688d52d486c380c0.jpg,1,0
103_jpg.rf.66297c2b3f0a30296ca8eb3abdb63389.jpg,0,1
R133_jpg.rf.b8f5f65368458ce8017775676d8d180a.jpg,0,1
115_jpg.rf.43bfa5f800d875f9793385f2812e52c2.jpg,1,0
323_jpg.rf.fac51226824cd9300af328a506b1a5df.jpg,1,0
226_jpg.rf.b7e63d2a04a21a79d8f30517388f2c32.jpg,1,0
152_jpg.rf.ae2a72ce0dfe9a5835d991425f7ca86a.jpg,1,0
FLIP_RIGHT170_jpg.rf.fe67c638093afbe2db3e85d08908ec34.jpg,0,1
220_jpg.rf.56bda9abc689a6302a11a5e8530217cc.jpg,1,0
R96_jpg.rf.8d2de17444ca498cc554c0b7c2a6a575.jpg,0,1
187_jpg.rf.9cfb64e1d097cba112ed177ac38ad487.jpg,1,0
108_jpg.rf.309ad729806764280d9a4f14ca399cdf.jpg,0,1
0L1-25-_jpg.rf.59c93e45c2da102622f457d52557d9d0.jpg,0,1
91_jpg.rf.7a968eae20be6ffe2835281e70ff9e4e.jpg,1,0
211_jpg.rf.be65a89da623c1747dacb5794d358969.jpg,1,0
11_jpg.rf.056a78635080bbf3b85325f8194a97cf.jpg,0,1
139_jpg.rf.f176da182c5bbb77380e18574faf3642.jpg,1,0
QJ6111051874_jpg.rf.367bfb819f2f6b0501f729e0e5fad73e.jpg,0,1
194_jpg.rf.8e1614628b51d7b40a1c09076bb51a61.jpg,1,0
R116_jpg.rf.9e5b167492151e8825180aba54cee129.jpg,0,1
6_jpg.rf.150b4e1998e8dcc346bec67d2b665b1b.jpg,0,1
7_jpg.rf.1345badc3d16ed5540e6f3285a436852.jpg,0,1
QJ6701097218_jpg.rf.379087945268f5ad9822f60ac1992404.jpg,0,1
QJ6798677153_jpg.rf.f3612ab3d1e640274ccd96ab8133a850.jpg,0,1
51_jpg.rf.01d8ace5cbee2bacac110c3992cbea89.jpg,1,0
263_jpg.rf.bb098136932c2309a15449fa3f456528.jpg,1,0
0L1-9-_jpg.rf.c0f56034f96fa921706d6c4573d07fcf.jpg,0,1
R1_jpg.rf.a94fd850187b3fe9289eae8d349d1864.jpg,0,1
istockphoto-1272897207-612x612_jpg.rf.686480110afca3a51c1ea9aa9f0a01dc.jpg,0,1
83_jpg.rf.0da1bb9830dfdb288bcf4c2f36996eda.jpg,1,0
42_jpg.rf.21107a3a625be6ad506f4628a2224dec.jpg,1,0
86_jpg.rf.e709dec606b5d2858f04be9cc68eda56.jpg,0,1
QJ6450648922_jpg.rf.3a3cb793a0ab173732544724b9ab7e82.jpg,0,1
FLIP_RIGHT188_jpg.rf.0f9d2ecd479b3c08e3c0bf2ef842601f.jpg,0,1
29_jpg.rf.a76662d05fcaa5a887ef8442900f0adb.jpg,1,0
48_jpg.rf.7c34e26401fabd95dce2360c4d1dd374.jpg,0,1
images-76-_jpg.rf.8fa16eff38c9b8eedf770589eae976dd.jpg,1,0
3_jpg.rf.098a3625554f06c8f5b4bf4d8100c6bb.jpg,1,0
images-18-_jpg.rf.674412f4e39b000b645a1cb4f5791d26.jpg,1,0
FLIP_RIGHT255_jpg.rf.4bc61a81c14edf948b7e064091834440.jpg,0,1
R108_jpeg_jpg.rf.511f44cc98f7e4e83e2f62dc3adeb55e.jpg,0,1
34_jpg.rf.88e69d11be6e3f766d4e7a9357dc07c7.jpg,1,0
R39_jpg.rf.9a65e11776b9868a3e555dba4c704d28.jpg,0,1
165_jpg.rf.a30f96d9a432b3c7d503e3fdf5384909.jpg,1,0
14_jpg.rf.b99a0221167a146a848dd1196fb24f84.jpg,0,1
274_jpg.rf.c2ee4ea851f03c3bc1dc7bf5d35e7382.jpg,1,0
R19_jpg.rf.bfd72b0769014b6160df712af840e3e1.jpg,0,1
237_jpg.rf.649b9af4be4ee7950a9b684001914080.jpg,1,0
31_jpg.rf.d02e9e9f583c638efa860706dd276829.jpg,1,0
images-91-_jpg.rf.9123b7909239688577c04e83ae5ccb78.jpg,1,0
R22_jpg.rf.02604c5c75455c2a7365911845efbb01.jpg,0,1
59_jpg.rf.37a01174dc0b90d76a47147120cb102a.jpg,0,1
264_jpg.rf.e89d2ed99dd10e38e311fcba4a759d55.jpg,1,0
18_jpg.rf.cbb9ffa383628f31ee2afca6a7747b72.jpg,1,0
10_jpg.rf.f165dce61897dbee92cf8e5b5034c948.jpg,0,1
206_jpg.rf.8a3836c74fe6558b0081b4fa95f77907.jpg,1,0
FLIP_RIGHT320_jpg.rf.9994d96d0810a6d6bc05f5a7152c2bdb.jpg,0,1
R103_jpg.rf.bd742c0d3b6c4c99611a241641880650.jpg,0,1
FLIP_RIGHT231_jpg.rf.37debece21377178829bc5cbbfbf7e17.jpg,0,1
213_jpg.rf.a9db7053cbdc65e90c3910edda3ec12d.jpg,1,0
FLIP_RIGHT209_jpg.rf.48268ae20484cf017af8940ccf077d95.jpg,0,1
FLIP_RIGHT340_jpg.rf.1f8390a32cfb5a688223b480457d7e0a.jpg,0,1
30_jpg.rf.7b1eb6840edd4db396303f59a4c3e7af.jpg,0,1
images-68-_jpg.rf.bad5f39c58b19e867af67eaa66169ed7.jpg,1,0
R27_jpg.rf.3d134a519d69cccbb7519ce8e95974d5.jpg,0,1
QJ6387244508_jpg.rf.00018afbc8ac8ee27be54b49ea6e4d70.jpg,0,1
0L1-2-_jpg.rf.1f90bb54ae62f2acd0b5ae2c7b5d99a2.jpg,0,1
R66_jpg.rf.d7778ff320563d8a874e31e609abf2f0.jpg,0,1
68_jpg.rf.029b4322251c6b7786aa7a8ddb01e0cf.jpg,1,0
33_jpg.rf.39eeb1a21cdb5a29f3789058a6d46f91.jpg,0,1
280_jpg.rf.e6ffd16b0157c86b22ba80660e082bde.jpg,1,0
40_jpg.rf.f8a3842f96164eecdc14f6301450aabe.jpg,0,1
193_jpg.rf.048cf4dee3a6c08f48640817e61b78ce.jpg,1,0
FLIP_RIGHT254_jpg.rf.248ec36bb56cd12570f4f612da0fce39.jpg,0,1
images-22-_jpg.rf.271686379a7db38232e65f6eb893af84.jpg,1,0
istockphoto-1183831120-612x612_jpg.rf.87fabdd561d71089d7e84ff96d484bb5.jpg,0,1
102_jpg.rf.d2428654ec47ebef96c0ceb1e5f9b9df.jpg,1,0
68_jpg.rf.99a7a0a38bee265123b1218836927f3a.jpg,0,1